Geography,Estimate; Total:,Margin of Error; Total:,Estimate; Total: - White alone,Margin of Error; Total: - White alone,Estimate; Total: - Black or African American alone,Margin of Error; Total: - Black or African American alone,Estimate; Total: - American Indian and Alaska Native alone,Margin of Error; Total: - American Indian and Alaska Native alone,Estimate; Total: - Asian alone,Margin of Error; Total: - Asian alone,Estimate; Total: - Native Hawaiian and Other Pacific Islander alone,Margin of Error; Total: - Native Hawaiian and Other Pacific Islander alone,Estimate; Total: - Some other race alone,Margin of Error; Total: - Some other race alone,Estimate; Total: - Two or more races:,Margin of Error; Total: - Two or more races:,Estimate; Total: - Two or more races: - Two races including Some other race,Margin of Error; Total: - Two or more races: - Two races including Some other race,"Estimate; Total: - Two or more races: - Two races excluding Some other race, and three or more races","Margin of Error; Total: - Two or more races: - Two races excluding Some other race, and three or more races"
"Baldwin County, Alabama",208563,*****,180484,1072,18821,1155,1383,1159,914,441,0,195,1469,1104,5492,1508,556,607,4936,1461
"Calhoun County, Alabama",114611,*****,84357,912,24160,556,803,960,1064,279,0,195,2129,1066,2098,667,119,171,1979,670
"Cullman County, Alabama",82471,*****,79032,558,1052,214,633,501,763,515,0,195,537,550,454,353,105,131,349,301
"DeKalb County, Alabama",70900,*****,62139,2579,1087,188,862,583,74,97,87,140,5095,2524,1556,658,72,141,1484,622
"Etowah County, Alabama",102564,*****,83159,1034,16417,1202,484,365,858,142,0,195,107,181,1539,825,0,195,1539,825
"Houston County, Alabama",104056,*****,71838,615,27762,382,443,219,1054,89,0,195,1031,637,1928,428,102,98,1826,412
"Jefferson County, Alabama",659521,*****,340506,2219,279979,3855,1799,942,8366,1352,323,328,14127,3157,14421,3522,1420,929,13001,3436
"Lauderdale County, Alabama",92318,*****,80596,83,9513,817,132,164,720,103,60,108,119,112,1178,752,0,195,1178,752
"Lee County, Alabama",158991,*****,111185,1161,37968,1543,0,195,6648,450,63,111,828,746,2299,1211,260,318,2039,1126
"Limestone County, Alabama",92753,*****,76272,401,14066,789,599,560,364,471,0,195,214,207,1238,647,0,195,1238,647
"Madison County, Alabama",356967,*****,243688,1765,87415,1475,2547,858,8383,1391,250,82,4835,1675,9849,2061,311,278,9538,2058
"Marshall County, Alabama",95157,*****,89605,618,2764,124,369,254,746,55,0,195,541,537,1132,371,161,217,971,295
"Mobile County, Alabama",414836,*****,243284,1591,148001,1565,3328,797,8269,659,20,33,4702,1925,7232,1697,395,441,6837,1682
"Montgomery County, Alabama",226349,*****,81740,1190,130006,1761,339,201,5753,1271,36,64,3774,1341,4701,2145,142,190,4559,2177
"Morgan County, Alabama",119012,*****,93591,1650,14431,882,763,711,1076,43,0,195,6454,1680,2697,1213,88,208,2609,1224
"Shelby County, Alabama",210622,*****,168484,1983,24066,1247,211,261,4535,417,197,248,8566,2071,4563,1381,232,369,4331,1343
"Talladega County, Alabama",80103,*****,51823,488,26589,364,70,120,548,83,23,41,626,521,424,267,0,195,424,267
"Tuscaloosa County, Alabama",206102,*****,132006,1454,66183,849,34,63,3413,237,0,195,2851,1413,1615,897,105,155,1510,861
"Anchorage Municipality, Alaska",298192,*****,184841,2303,16102,1868,23916,2789,27142,2741,7669,230,7935,2536,30587,4037,1142,938,29445,3905
"Fairbanks North Star Borough, Alaska",100605,*****,75501,1531,4385,678,7427,1428,3875,810,503,251,2357,1855,6557,1794,207,245,6350,1738
"Matanuska-Susitna Borough, Alaska",104365,*****,86314,883,1019,683,5455,1338,1083,424,141,214,325,219,10028,1700,490,494,9538,1551
"Apache County, Arizona",73112,*****,16162,624,112,93,53520,1098,106,130,54,94,694,453,2464,1047,279,216,2185,1035
"Cochise County, Arizona",125770,*****,109899,1329,5077,679,1875,538,2783,286,434,204,1913,909,3789,1241,565,312,3224,1197
"Coconino County, Arizona",140908,*****,91167,1617,2166,419,37010,1384,2670,665,163,238,2711,955,5021,1495,484,404,4537,1425
"Maricopa County, Arizona",4242997,*****,3227510,16751,230642,5475,82300,4323,168720,4167,9808,954,371556,17066,152461,10384,32753,6303,119708,8121
"Mohave County, Arizona",205249,*****,187492,1975,1614,537,4870,703,2029,721,231,217,3539,1845,5474,1546,387,339,5087,1566
"Navajo County, Arizona",110026,*****,50543,1539,755,531,49003,1322,897,77,0,204,4536,1491,4292,1251,297,306,3995,1252
"Pima County, Arizona",1016206,*****,774608,9651,34344,2361,32670,2893,28713,1809,1550,609,94614,8587,49707,5881,9993,2635,39714,5660
"Pinal County, Arizona",418540,*****,337571,4815,18679,2088,21796,1697,8568,585,1357,620,17937,3976,12632,2611,1240,767,11392,2478
"Yavapai County, Arizona",225562,*****,209960,2008,1130,330,3491,704,2368,627,207,312,4025,1912,4381,977,241,233,4140,972
"Yuma County, Arizona",205631,*****,112651,5219,3696,1174,2926,987,2719,429,266,298,78192,5352,5181,1581,628,434,4553,1517
"Benton County, Arkansas",258291,*****,228649,1633,3896,625,2656,789,9343,920,1350,197,3509,1241,8888,1536,940,421,7948,1439
"Craighead County, Arkansas",105835,*****,84134,1108,15243,1170,0,197,1394,122,0,197,2450,1082,2614,1222,330,388,2284,1120
"Faulkner County, Arkansas",122227,*****,100295,966,12771,1095,277,224,1404,462,739,885,2809,1156,3932,1275,479,751,3453,961
"Garland County, Arkansas",97477,*****,84195,833,8471,1400,989,438,1046,1190,0,197,1347,844,1429,871,86,167,1343,846
"Jefferson County, Arkansas",70016,*****,28485,317,40177,527,46,77,291,266,0,197,435,317,582,446,0,197,582,446
"Lonoke County, Arkansas",72228,*****,63910,952,3884,685,292,277,1032,107,0,197,1309,1014,1801,740,53,78,1748,756
"Pulaski County, Arkansas",393250,*****,218346,2441,142430,2299,799,457,8604,875,33,54,9119,2852,13919,3431,4224,2655,9695,2434
"Saline County, Arkansas",118703,*****,106655,167,8393,606,887,224,1212,484,0,197,0,197,1556,780,0,197,1556,780
"Sebastian County, Arkansas",127793,*****,93101,1748,8645,864,1893,682,5547,740,74,143,13978,2025,4555,1159,462,431,4093,1117
"Washington County, Arkansas",228049,*****,174457,2836,8608,708,2189,1004,5402,879,4953,439,25446,2932,6994,1623,948,738,6046,1416
"Alameda County, California",1647704,*****,688067,9112,174855,3980,10122,2362,483856,5403,13865,1066,171152,10622,105787,6534,21795,3744,83992,5550
"Butte County, California",226864,*****,187892,2607,3563,796,2567,739,10665,1086,811,498,9577,2534,11789,1988,1724,899,10065,1723
"Contra Costa County, California",1135127,*****,658852,10278,97413,4203,3159,1049,183849,5126,4891,1303,104400,10356,82563,7700,11558,2856,71005,7590
"El Dorado County, California",185625,*****,162495,2175,1795,302,2379,796,8904,941,462,625,3745,1717,5845,1659,807,603,5038,1634
"Fresno County, California",979915,*****,640619,11666,47646,1868,10176,2204,101993,1767,1183,640,143649,11291,34649,5110,7523,2120,27126,4569
"Humboldt County, California",136646,*****,110795,1826,1172,545,7228,1538,4212,1001,0,206,3154,1153,10085,2014,681,901,9404,1716
"Imperial County, California",180883,*****,110971,6532,4122,444,1808,683,2731,138,301,450,54515,6397,6435,1983,1827,1012,4608,1985
"Kern County, California",884788,*****,642077,11728,47668,3254,11936,4361,40615,2200,3142,2611,106937,9374,32413,4661,8614,2060,23799,3788
"Kings County, California",149785,*****,99706,4650,10028,1370,2083,669,5238,1183,472,416,25665,4017,6593,1995,1629,869,4964,1681
"Lake County, California",64116,*****,49293,1711,914,725,2815,1100,343,389,0,206,8582,1804,2169,1020,201,304,1968,949
"Los Angeles County, California",10137915,*****,5093898,33145,826516,8807,65370,6706,1474575,7762,26104,1971,2258451,32234,393001,12340,106298,6207,286703,11179
"Madera County, California",154697,*****,109705,5232,4535,928,3262,2146,2748,636,312,466,28121,5377,6014,1682,1343,1001,4671,1415
"Marin County, California",260651,*****,200426,3755,6114,1283,274,245,13886,1329,397,433,25607,4031,13947,2261,2192,1198,11755,1837
"Mendocino County, California",87628,*****,71202,2564,412,332,3169,1025,1125,348,231,262,5887,2641,5602,1509,530,441,5072,1401
"Merced County, California",268672,*****,149377,7261,8492,802,2522,840,21156,857,32,56,77857,7468,9236,2702,4854,2026,4382,1609
"Monterey County, California",435232,*****,242774,8535,11055,996,1903,767,24852,1665,1086,704,135093,8640,18469,2446,3084,1322,15385,2068
"Napa County, California",142166,*****,110943,3409,2718,541,1160,550,11301,771,269,110,10439,3256,5336,1211,1282,759,4054,926
"Nevada County, California",99107,*****,91701,1352,197,182,490,415,1742,549,0,206,1414,1243,3563,672,210,233,3353,559
"Orange County, California",3172532,*****,1986194,19801,53602,2886,13443,2093,637622,4687,10791,1591,352857,19663,118023,7777,20645,2979,97378,7205
"Placer County, California",380531,*****,309901,3759,5796,867,2292,1425,26369,1895,392,281,15303,3250,20478,2823,1794,784,18684,2861
"Riverside County, California",2387741,*****,1406044,18690,152433,4274,20442,4027,149105,4509,7583,1137,544724,18100,107410,8716,27678,5038,79732,6899
"Sacramento County, California",1514460,*****,882763,10105,148706,4325,10265,2112,230645,5067,16214,1649,117768,10471,108099,6811,15261,2724,92838,5993
"San Bernardino County, California",2140096,*****,1314742,15771,182864,5421,15077,3001,152270,3157,6381,1208,364338,15183,104424,9040,29165,5126,75259,8275
"San Diego County, California",3317749,*****,2385470,13363,165878,4873,24980,4012,389369,7045,14356,2378,169165,11416,168531,9351,27220,4102,141311,8288
"San Francisco County, California",870887,*****,404410,5260,43468,2007,3054,923,300409,3813,1967,622,70599,6070,46980,3525,7632,2021,39348,3169
"San Joaquin County, California",733709,*****,417952,8981,52126,1908,5428,1925,111547,3304,4697,545,74430,8657,67529,6640,9556,2438,57973,6038
"San Luis Obispo County, California",282887,*****,238692,4625,5167,921,2262,874,10989,1132,28,51,16126,4484,9623,1989,2051,804,7572,1838
"San Mateo County, California",764797,*****,388724,8148,17413,1505,3102,1166,214801,3512,10756,665,85183,8073,44818,5557,10977,3193,33841,4016
"Santa Barbara County, California",446170,*****,341741,8761,8202,939,4863,1784,24802,1753,94,117,46374,7599,20094,2993,3756,1392,16338,2707
"Santa Clara County, California",1919402,*****,844820,12614,47142,2577,8787,2588,683532,5551,8602,1083,227352,12687,99167,6847,21611,4137,77556,5660
"Santa Cruz County, California",274673,*****,203973,6944,2908,730,1797,1006,13692,1246,43,74,40674,7208,11586,2286,2402,1331,9184,1850
"Shasta County, California",179631,*****,158293,1181,1791,496,2942,822,6016,877,77,124,1522,651,8990,1413,372,265,8618,1385
"Solano County, California",440207,*****,219084,5523,64438,2738,1568,594,66560,2461,3713,722,46315,5117,38529,4374,6189,1627,32340,4049
"Sonoma County, California",503070,*****,371195,7398,8632,1893,4397,1312,21487,1579,1542,650,71200,8437,24617,4076,3407,1730,21210,3658
"Stanislaus County, California",541560,*****,395715,8826,17096,1389,3427,1152,30615,1763,3166,605,68689,8789,22852,3334,5612,1584,17240,3047
"Sutter County, California",96651,*****,69300,1659,1672,607,653,263,14849,2382,501,135,3331,1229,6345,2791,408,280,5937,2743
"Tulare County, California",460437,*****,340284,8818,6167,1041,6233,1839,20506,5985,908,349,72610,7194,13729,2347,4245,1268,9484,2052
"Ventura County, California",849738,*****,681115,6764,14929,1203,5746,2319,60772,2453,1787,739,45523,6228,39866,4606,6241,1513,33625,4443
"Yolo County, California",215802,*****,151935,3886,5476,864,1835,1134,30155,1727,836,503,11635,3237,13930,3140,1523,835,12407,3005
"Yuba County, California",75275,*****,56042,2046,2331,352,1046,615,3656,1468,1376,989,3971,1989,6853,1808,190,193,6663,1777
"Adams County, Colorado",498187,*****,402970,6651,15865,1245,7677,2185,19783,1318,425,524,32370,5628,19097,3445,4046,1449,15051,3116
"Arapahoe County, Colorado",637068,*****,452406,5911,69336,3031,3623,920,38563,1539,1618,233,47841,6016,23681,3673,4303,1285,19378,3600
"Boulder County, Colorado",322226,*****,288623,2100,3453,507,927,537,15560,1005,209,224,5652,1880,7802,1381,993,557,6809,1210
"Broomfield County, Colorado",66529,*****,57480,1148,727,424,316,250,3943,658,0,195,1812,1292,2251,935,229,339,2022,776
"Denver County, Colorado",693060,*****,522284,7321,68262,2868,5462,1898,25721,1555,410,265,47322,7382,23599,3361,4456,1805,19143,2853
"Douglas County, Colorado",328632,*****,294600,1637,4667,981,1294,517,15524,1118,205,208,3739,1191,8603,1777,1200,784,7403,1548
"El Paso County, Colorado",688284,*****,552441,4811,43539,3984,3588,1541,18301,1654,3009,507,25506,4633,41900,4920,7344,2008,34556,4597
"Jefferson County, Colorado",571837,*****,519734,2790,7314,1400,3596,925,17174,1156,273,229,9742,2188,14004,2009,2859,1104,11145,1690
"Larimer County, Colorado",339993,*****,307362,2833,3351,769,2714,864,7489,1038,516,344,6735,2028,11826,2512,2062,889,9764,2367
"Mesa County, Colorado",150083,*****,140112,1348,465,344,1384,585,1263,251,467,466,2111,1105,4281,856,700,571,3581,817
"Pueblo County, Colorado",165123,*****,133330,3124,4192,1048,8264,2066,1310,421,127,165,13092,2764,4808,1218,1054,503,3754,1077
"Weld County, Colorado",294932,*****,271892,2388,3435,729,970,483,4523,746,0,195,6937,2096,7175,1296,1606,822,5569,1007
"Fairfield County, Connecticut",944177,*****,696692,7566,110693,3655,2811,1588,50381,2263,695,481,52428,6348,30477,4175,8849,2787,21628,3032
"Hartford County, Connecticut",892389,*****,636425,6408,120762,3328,2763,1423,45365,1598,82,103,57288,6311,29704,4122,7155,2633,22549,3721
"Litchfield County, Connecticut",182571,*****,170796,1034,3345,999,196,234,4476,385,0,200,1734,930,2024,934,91,141,1933,912
"Middlesex County, Connecticut",163329,*****,145795,740,8763,996,5,11,4893,420,0,200,791,526,3082,1091,433,445,2649,997
"New Haven County, Connecticut",856875,*****,635115,6494,110901,4386,1827,1568,35579,1564,423,312,45612,6241,27418,4272,4234,1626,23184,3832
"New London County, Connecticut",269801,*****,218961,2702,15524,1751,1730,666,12084,875,59,76,9528,2299,11915,2713,1413,745,10502,2516
"Tolland County, Connecticut",151118,*****,134939,814,5338,502,0,200,7366,465,0,200,1364,817,2111,706,248,350,1863,654
"Windham County, Connecticut",116192,*****,103169,1816,3606,1551,555,618,1806,342,0,200,2263,1204,4793,1128,614,544,4179,1231
"Kent County, Delaware",174827,*****,115964,1739,43984,1876,961,256,3125,1228,9,20,2543,1544,8241,2416,530,457,7711,2391
"New Castle County, Delaware",556987,*****,361605,3892,138491,3505,1877,872,29993,839,981,864,10592,3549,13448,2639,907,651,12541,2486
"Sussex County, Delaware",220251,*****,181522,2118,27436,1033,1217,441,2528,533,1063,1513,2460,1514,4025,1251,678,507,3347,1110
"District of Columbia, District of Columbia",681170,*****,277268,3530,320554,2554,2004,567,26436,1256,41,68,37132,4302,17735,2345,2127,919,15608,2127
"Alachua County, Florida",263496,*****,182119,1703,52833,1949,1166,370,16798,633,524,501,2594,1201,7462,2052,1142,593,6320,1931
"Bay County, Florida",183974,*****,151108,1084,20489,1156,317,314,5077,609,34,65,1066,828,5883,1417,317,294,5566,1358
"Brevard County, Florida",579130,*****,478586,3797,57238,2989,1254,893,14164,972,170,165,10763,3583,16955,2971,1275,684,15680,2942
"Broward County, Florida",1909632,*****,1163610,9700,545324,6861,5993,2348,69401,2857,1726,782,63148,8901,60430,6325,11417,3238,49013,6025
"Charlotte County, Florida",178465,*****,160324,1079,11548,1275,124,204,1660,782,514,780,1328,678,2967,1327,459,489,2508,1097
"Citrus County, Florida",143621,*****,133360,1114,5412,641,261,360,2496,211,0,221,1051,1090,1041,606,213,418,828,467
"Clay County, Florida",208311,*****,166888,2908,21159,3614,51,79,5746,1308,397,458,4650,2358,9420,2673,400,459,9020,2503
"Collier County, Florida",365136,*****,321423,3624,26142,688,987,595,4794,671,0,221,7911,3601,3879,1381,964,598,2915,1248
"Columbia County, Florida",69299,*****,52890,785,13565,860,101,126,539,517,64,93,1315,876,825,623,0,221,825,623
"Duval County, Florida",926255,*****,560080,4079,271278,4138,2013,884,39936,2542,453,374,16293,3863,36202,5339,2866,981,33336,5302
"Escambia County, Florida",315187,*****,216766,1540,70316,2313,1608,754,9687,1155,96,149,3712,1461,13002,2720,752,460,12250,2714
"Flagler County, Florida",108310,*****,90171,1293,11765,1030,0,221,2830,261,0,221,2203,1274,1341,997,185,231,1156,940
"Hernando County, Florida",182835,*****,162269,2084,9823,1722,210,341,2262,674,0,221,2822,1637,5449,1715,665,562,4784,1475
"Highlands County, Florida",100917,*****,78733,2596,10396,1080,74,129,1361,417,0,221,8941,2646,1412,932,0,221,1412,932
"Hillsborough County, Florida",1376238,*****,971753,9236,228361,5828,4763,1600,54822,2237,1279,268,68366,8630,46894,6159,5705,1719,41189,6084
"Indian River County, Florida",151563,*****,129043,3395,11560,2324,459,522,1978,596,0,221,3617,3275,4906,2604,0,221,4906,2604
"Lake County, Florida",335396,*****,283513,1902,35729,1990,1217,788,6718,1137,27,52,1418,854,6774,1780,480,501,6294,1617
"Lee County, Florida",722336,*****,615028,5571,60475,2202,1457,705,11131,1020,129,210,20665,5515,13451,2962,2934,1229,10517,2561
"Leon County, Florida",287822,*****,177676,1244,88212,2392,521,413,10203,677,256,416,2971,1114,7983,2497,365,244,7618,2524
"Manatee County, Florida",375888,*****,320089,3004,33480,1304,1015,447,7143,696,206,219,7070,2782,6885,2047,1959,1186,4926,1596
"Marion County, Florida",349020,*****,286955,2818,44143,2686,194,150,4308,1219,122,218,1951,1003,11347,2681,2437,1804,8910,2154
"Martin County, Florida",158701,*****,139122,2441,9164,1315,965,554,1252,787,179,300,5813,2145,2206,1091,343,414,1863,940
"Miami-Dade County, Florida",2712945,*****,2019915,12858,476506,6925,4683,1830,43745,1559,1265,959,124482,12759,42349,5382,13703,3201,28646,4668
"Monroe County, Florida",79077,*****,70409,1017,6581,901,117,147,1156,139,0,221,518,474,296,229,23,39,273,230
"Okaloosa County, Florida",201170,*****,155446,1507,20398,1321,590,406,5770,942,327,368,8785,2075,9854,1683,245,233,9609,1665
"Orange County, Florida",1314367,*****,851713,11633,276302,8711,1697,911,70844,2690,50,80,67741,9642,46020,6761,13450,3686,32570,5599
"Osceola County, Florida",336015,*****,248442,8362,40387,5419,739,554,9588,398,142,233,23289,6602,13428,4677,4240,3043,9188,3281
"Palm Beach County, Florida",1443810,*****,1079513,5517,266755,4481,1811,834,38391,1645,536,322,26821,4774,29983,4973,5262,1893,24721,4824
"Pasco County, Florida",512368,*****,452055,2575,28037,2031,1337,734,12829,947,190,145,6111,1840,11809,2013,1657,792,10152,1752
"Pinellas County, Florida",960730,*****,784811,4261,97341,3354,3117,635,33027,1508,820,226,15140,3811,26474,4452,2765,1261,23709,4256
"Polk County, Florida",666149,*****,525140,3410,100793,2724,1818,743,12565,1059,306,353,9710,2052,15817,3231,2906,1220,12911,3000
"St. Johns County, Florida",235087,*****,208208,1540,12331,1226,854,988,6363,925,695,917,1850,1251,4786,1613,594,544,4192,1487
"St. Lucie County, Florida",306507,*****,227646,3323,59949,2357,1345,1078,6005,565,0,221,5409,2844,6153,2541,1479,1460,4674,1972
"Santa Rosa County, Florida",170497,*****,146607,1628,10669,1260,1460,676,3459,990,506,439,772,519,7024,2156,68,136,6956,2155
"Sarasota County, Florida",412569,*****,375600,2830,17710,1713,1005,697,6544,630,22,44,4215,2525,7473,1857,509,435,6964,1835
"Seminole County, Florida",455479,*****,354325,4150,51494,3423,449,463,19098,1482,343,209,13835,3336,15935,3445,2083,1266,13852,3209
"Sumter County, Florida",123996,*****,110567,857,8261,1168,26,58,558,486,238,391,1268,764,3078,1341,632,535,2446,1108
"Volusia County, Florida",529364,*****,441448,3204,55747,3582,2528,858,9730,961,64,77,7275,2211,12572,3052,1129,510,11443,2948
"Walton County, Florida",65889,*****,57530,1670,3771,395,216,259,631,490,0,221,1955,1706,1786,672,120,189,1666,643
"Barrow County, Georgia",77126,*****,60355,1376,8123,864,337,475,2902,193,0,218,3247,1388,2162,848,595,508,1567,676
"Bartow County, Georgia",103807,*****,87069,2648,10634,1059,438,278,890,468,0,218,2691,2630,2085,1236,1038,1174,1047,645
"Bibb County, Georgia",152760,*****,61273,1188,82574,1787,98,112,3089,242,0,218,1592,1263,4134,2053,247,346,3887,1997
"Bulloch County, Georgia",74722,*****,48483,685,21840,1135,0,218,852,627,0,218,1553,855,1994,875,226,296,1768,861
"Carroll County, Georgia",116261,*****,87176,1873,21088,1321,121,250,1122,374,384,388,3996,1878,2374,1428,222,261,2152,1381
"Chatham County, Georgia",289082,*****,151815,1964,114139,2297,650,346,6369,1412,558,606,4208,1702,11343,2807,1183,569,10160,2767
"Cherokee County, Georgia",241689,*****,207452,3406,16701,1833,1120,1300,5002,564,0,218,6793,3209,4621,1542,390,528,4231,1467
"Clarke County, Georgia",124707,*****,78919,1907,34893,601,181,284,5209,558,33,60,3137,1903,2335,879,168,248,2167,810
"Clayton County, Georgia",279462,*****,43114,3578,190956,5061,926,1161,14614,350,0,218,21285,4748,8567,3675,910,686,7657,3495
"Cobb County, Georgia",748150,*****,439448,6286,202244,5220,3133,1619,39953,1706,676,969,36792,6523,25904,4974,4019,1950,21885,4224
"Columbia County, Georgia",147450,*****,108438,1975,24938,1540,932,975,6402,665,0,218,1413,1034,5327,2019,152,253,5175,2021
"Coweta County, Georgia",140526,*****,106080,2061,25153,1121,88,118,1696,489,97,167,3424,2114,3988,1353,93,160,3895,1381
"DeKalb County, Georgia",740321,*****,259015,3606,403352,2769,5253,2103,45634,1129,101,135,9586,3005,17380,2592,4487,1505,12893,2352
"Dougherty County, Georgia",90017,*****,24254,497,62375,1092,258,344,799,100,50,104,666,544,1615,1081,26,44,1589,1082
"Douglas County, Georgia",142224,*****,67268,2496,67469,1739,73,106,2242,461,0,218,2812,1678,2360,1129,445,480,1915,957
"Fayette County, Georgia",111627,*****,76827,1148,23905,1948,217,245,4945,612,0,218,2120,1770,3613,1753,697,777,2916,1516
"Floyd County, Georgia",96560,*****,74482,2530,13603,859,14,26,1623,218,0,218,4690,2519,2148,878,146,184,2002,868
"Forsyth County, Georgia",221009,*****,179397,1801,7490,1098,387,351,25847,983,0,218,3346,1659,4542,1531,533,612,4009,1416
"Fulton County, Georgia",1023336,*****,455532,5631,447187,4077,9001,3323,68259,2025,879,709,11948,4408,30530,5181,3670,1714,26860,4868
"Glynn County, Georgia",84502,*****,58096,948,21354,1476,317,288,1114,513,211,241,1095,884,2315,1310,316,353,1999,1275
"Gwinnett County, Georgia",907135,*****,438099,9931,248723,4189,1346,977,103900,3152,82,139,88207,9965,26778,4862,6261,3200,20517,4120
"Hall County, Georgia",196637,*****,168678,2292,14687,1104,412,310,3451,600,99,174,4766,1780,4544,1984,877,674,3667,1830
"Henry County, Georgia",221768,*****,110602,2833,94657,2274,0,218,7935,326,0,218,2709,1801,5865,2543,960,1320,4905,2176
"Houston County, Georgia",152122,*****,93711,1507,45011,1665,622,568,4623,970,0,218,1763,1080,6392,2233,1502,1213,4890,1869
"Liberty County, Georgia",62570,*****,29415,1082,25722,1111,295,133,940,615,12,24,1916,1044,4270,1404,912,751,3358,1297
"Lowndes County, Georgia",114628,*****,67078,932,44310,1205,256,181,418,415,113,143,878,789,1575,980,298,265,1277,912
"Muscogee County, Georgia",197485,*****,86603,1706,90127,2391,1159,290,4160,848,0,218,4517,1397,10919,2533,3340,1846,7579,2795
"Paulding County, Georgia",155825,*****,115718,1640,34362,2600,301,304,533,446,401,550,1798,1550,2712,1113,339,457,2373,1065
"Richmond County, Georgia",201647,*****,76547,1382,114495,1903,584,286,4084,298,848,932,2376,1453,2713,1248,195,174,2518,1232
"Rockdale County, Georgia",89355,*****,36218,1974,48429,1162,0,218,1798,88,0,218,1944,2097,966,687,115,198,851,660
"Troup County, Georgia",70005,*****,41740,586,25277,601,45,81,1423,144,0,218,156,175,1364,771,502,497,862,550
"Walton County, Georgia",90184,*****,69810,1644,16332,299,0,218,1369,258,112,192,1962,1644,599,470,7,12,592,471
"Whitfield County, Georgia",104589,*****,90028,3335,4714,763,1954,1870,1281,634,0,218,5304,2982,1308,927,172,299,1136,912
"Hawaii County, Hawaii",198449,*****,64714,1492,1586,620,293,201,47415,4001,26900,3136,2422,1495,55119,4998,791,631,54328,4874
"Honolulu County, Hawaii",992605,*****,209223,4493,23269,1872,1636,752,421281,8343,93165,5142,8029,1895,236002,10630,7054,1584,228948,10552
"Kauai County, Hawaii",72029,*****,23326,755,621,473,563,387,24200,2059,5678,1251,183,165,17458,2763,223,179,17235,2751
"Maui County, Hawaii",165379,53,60712,2339,422,438,157,185,50531,3622,18797,1180,1687,1406,33073,4362,1103,693,31970,4348
"Ada County, Idaho",444028,*****,402851,2341,6535,1544,2026,857,11778,1617,377,415,6847,2096,13614,2478,1793,1614,11821,2461
"Bannock County, Idaho",84377,*****,74610,1416,280,195,3335,700,1480,275,0,198,2279,1227,2393,1050,258,246,2135,979
"Bonneville County, Idaho",112232,*****,99184,1945,0,198,843,437,1521,732,0,198,7841,2014,2843,746,452,431,2391,667
"Canyon County, Idaho",211698,*****,171868,3518,48,71,2689,740,2978,909,835,942,27575,3949,5705,1645,1372,863,4333,1473
"Kootenai County, Idaho",154311,*****,143862,1685,1029,634,2970,553,1352,665,167,261,1836,1787,3095,917,213,207,2882,903
"Twin Falls County, Idaho",83514,*****,77172,1485,677,198,1065,742,1389,505,76,145,2184,1495,951,615,167,268,784,531
"Champaign County, Illinois",208419,*****,151060,1249,27686,926,331,211,21908,720,62,108,1244,598,6128,1405,318,223,5810,1389
"Cook County, Illinois",5203499,*****,2919459,20150,1223763,5468,14508,2707,371491,4498,1939,725,537416,21290,134923,7878,37394,4842,97529,7494
"DeKalb County, Illinois",104528,*****,86721,1717,7396,894,117,121,2439,532,0,185,4515,1803,3340,1174,303,202,3037,1114
"DuPage County, Illinois",929368,*****,714083,6183,45918,1864,1060,616,107270,2300,481,334,35093,5723,25463,3852,5955,2421,19508,3001
"Kane County, Illinois",531715,*****,374272,6597,29929,1309,2405,1349,21320,1137,33,56,91408,6693,12348,2812,4764,1859,7584,2015
"Kankakee County, Illinois",110008,*****,86918,1310,17306,569,394,113,1023,256,0,185,2799,1192,1568,837,614,610,954,701
"Kendall County, Illinois",124695,*****,100133,3278,8271,1231,350,447,3882,823,0,185,7740,2992,4319,2248,2376,1934,1943,1176
"Lake County, Illinois",703047,*****,530524,6644,46836,2516,1206,663,52572,1525,310,434,52919,6628,18680,3014,3727,1372,14953,2670
"LaSalle County, Illinois",110642,*****,104660,553,3061,405,102,125,647,400,101,162,494,498,1577,578,73,92,1504,563
"McHenry County, Illinois",307004,*****,284322,2029,3937,1084,253,251,8478,1020,0,185,3878,1759,6136,1689,69,85,6067,1696
"McLean County, Illinois",172418,*****,142803,2082,14364,629,380,354,8635,786,0,185,1723,1681,4513,1371,1097,938,3416,999
"Macon County, Illinois",106550,*****,83242,360,13359,1580,262,311,1089,408,13,23,529,344,8056,1587,149,168,7907,1565
"Madison County, Illinois",265759,*****,233639,898,23424,1217,299,339,3169,354,0,185,1132,821,4096,1289,87,143,4009,1286
"Peoria County, Illinois",185006,*****,135178,1430,33901,1470,618,252,7607,422,0,185,2033,1091,5669,1983,595,406,5074,1860
"Rock Island County, Illinois",144784,*****,116660,2209,13890,1480,778,321,3486,463,283,237,2819,1552,6868,1746,2429,1299,4439,1240
"St. Clair County, Illinois",262759,*****,168589,1329,77768,2090,712,346,4473,351,78,135,4008,1515,7131,2476,437,416,6694,2418
"Sangamon County, Illinois",197499,*****,162397,625,25993,1011,143,114,3568,436,124,145,719,579,4555,1062,237,320,4318,1032
"Tazewell County, Illinois",134385,*****,128580,549,1854,587,311,146,1408,199,103,151,301,348,1828,856,385,421,1443,804
"Vermilion County, Illinois",78111,*****,63731,1143,10778,1085,13,22,860,185,16,31,1285,1160,1428,1050,31,52,1397,1048
"Will County, Illinois",689529,*****,505732,5782,76425,3119,2016,1664,38308,1611,515,685,47269,6080,19264,2939,2789,1192,16475,2877
"Winnebago County, Illinois",285873,*****,226518,2418,35905,2054,217,295,7285,843,140,217,5520,1776,10288,2339,693,484,9595,2292
"Allen County, Indiana",370404,*****,296773,1901,42515,2076,461,229,14669,722,102,89,4098,1642,11786,2037,776,424,11010,2046
"Bartholomew County, Indiana",81402,*****,68773,1643,1234,284,38,64,5864,304,0,192,3791,1703,1702,617,429,405,1273,482
"Clark County, Indiana",116031,*****,102109,963,6608,1182,79,130,457,445,0,192,1181,963,5597,1217,0,192,5597,1217
"Delaware County, Indiana",115603,*****,101294,597,8952,1156,226,191,1473,446,340,439,979,941,2339,935,234,237,2105,924
"Elkhart County, Indiana",203781,*****,180922,2069,11251,1205,1040,351,2149,406,360,320,3346,1955,4713,1293,433,380,4280,1283
"Floyd County, Indiana",76990,*****,69860,494,3954,541,183,150,800,302,0,192,252,388,1941,702,161,286,1780,650
"Grant County, Indiana",66937,*****,58979,625,4960,934,240,221,261,267,0,192,645,551,1852,922,166,231,1686,873
"Hamilton County, Indiana",316373,*****,276282,1259,11797,897,322,297,17484,1737,0,192,2438,1318,8050,1841,479,641,7571,1756
"Hendricks County, Indiana",160610,*****,139891,1943,13279,2470,429,236,4479,645,0,192,809,748,1723,931,246,432,1477,958
"Howard County, Indiana",82568,*****,72022,616,7651,866,308,339,271,220,77,90,1098,573,1141,721,60,95,1081,715
"Johnson County, Indiana",151982,*****,138849,1668,3880,268,416,540,5233,516,41,83,2338,1211,1225,961,767,897,458,367
"Kosciusko County, Indiana",79092,*****,75552,505,958,202,465,346,407,316,0,192,670,505,1040,348,0,192,1040,348
"Lake County, Indiana",485846,*****,299056,4420,117223,1598,1531,559,6144,1005,95,113,48308,4521,13489,2074,5023,1655,8466,1664
"LaPorte County, Indiana",110015,*****,91255,1176,11928,1022,610,407,889,239,63,110,2249,1074,3021,1132,781,688,2240,979
"Madison County, Indiana",129296,*****,113364,799,9062,1240,431,238,554,367,0,192,1179,775,4706,1533,459,320,4247,1420
"Marion County, Indiana",941229,*****,577828,5808,260219,4441,2924,1517,27885,1721,295,152,39113,6322,32965,5037,3740,1676,29225,4804
"Monroe County, Indiana",145496,*****,125427,760,4068,776,310,223,9461,771,0,192,848,603,5382,1345,178,195,5204,1309
"Porter County, Indiana",167791,*****,153318,1155,5280,625,224,228,2055,597,129,178,1705,781,5080,1282,840,530,4240,1198
"St. Joseph County, Indiana",269141,*****,209203,2283,35405,1845,1880,1087,6408,883,190,238,9023,2422,7032,2005,389,380,6643,1948
"Tippecanoe County, Indiana",188059,*****,152857,2265,9666,1262,268,204,15385,932,200,308,6020,2242,3663,1601,482,461,3181,1505
"Vanderburgh County, Indiana",181721,*****,155227,1291,15804,1478,310,313,1990,351,1210,1261,1808,1423,5372,1379,248,294,5124,1376
"Vigo County, Indiana",107931,*****,94021,694,6808,1067,427,257,2044,410,47,89,686,470,3898,1132,327,199,3571,1145
"Wayne County, Indiana",66568,*****,59648,562,3125,722,24,39,718,111,0,192,1135,590,1918,715,0,192,1918,715
"Black Hawk County, Iowa",132904,*****,113334,864,12012,1136,802,532,3374,279,719,819,854,567,1809,703,49,82,1760,698
"Dallas County, Iowa",84516,*****,76654,995,1003,433,102,145,3579,487,0,159,637,624,2541,1109,87,177,2454,988
"Dubuque County, Iowa",97003,*****,90491,308,3496,579,74,118,1198,346,302,372,304,291,1138,545,68,109,1070,534
"Johnson County, Iowa",146547,*****,119612,1421,10314,510,0,159,10102,791,0,159,3928,1637,2591,977,287,283,2304,843
"Linn County, Iowa",221661,*****,198263,557,12247,1134,239,249,5323,622,132,148,529,391,4928,1295,157,261,4771,1288
"Polk County, Iowa",474045,*****,396575,2350,31968,1576,1315,483,22224,739,150,184,8740,2356,13073,2016,864,710,12209,1974
"Pottawattamie County, Iowa",93582,*****,88124,999,1824,514,630,220,821,212,0,159,1344,997,839,579,0,159,839,579
"Scott County, Iowa",172474,*****,147577,1480,14802,576,554,326,4441,937,0,159,2285,1470,2815,1206,532,577,2283,1067
"Story County, Iowa",97090,*****,84190,255,1423,1014,178,115,8417,241,0,159,340,227,2542,1007,46,84,2496,1001
"Woodbury County, Iowa",102779,*****,87253,1589,3720,976,723,638,3154,230,749,791,3083,1303,4097,1026,466,628,3631,873
"Butler County, Kansas",67025,*****,62612,252,1679,314,704,491,269,291,80,128,69,79,1612,524,124,229,1488,534
"Douglas County, Kansas",119440,*****,97894,1057,4866,949,1800,680,6249,731,26,38,2960,1015,5645,1303,321,236,5324,1312
"Johnson County, Kansas",584451,*****,505785,2256,25393,1681,1260,576,27644,1423,332,423,5627,1980,18410,2482,995,602,17415,2443
"Leavenworth County, Kansas",80204,*****,64838,685,7435,782,463,385,1697,174,295,427,3120,1124,2356,979,717,662,1639,734
"Riley County, Kansas",73343,*****,60227,1064,4370,1141,182,186,3820,477,264,329,998,793,3482,1465,434,502,3048,1399
"Sedgwick County, Kansas",511995,*****,400297,4909,42474,3091,4630,1166,21236,1066,0,174,18824,4754,24534,3434,2027,860,22507,3325
"Shawnee County, Kansas",178146,*****,143411,2904,14949,1480,1773,701,2374,705,127,200,9288,3292,6224,1781,590,568,5634,1616
"Wyandotte County, Kansas",163831,*****,96425,3334,37308,1606,1335,745,6063,1520,0,174,15480,3608,7220,2250,1063,920,6157,2135
"Boone County, Kentucky",128536,*****,117023,1043,2966,1691,426,676,3410,503,0,190,1366,1027,3345,1761,0,190,3345,1761
"Campbell County, Kentucky",92211,*****,86613,293,3601,248,94,114,587,218,0,190,245,291,1071,336,0,190,1071,336
"Christian County, Kentucky",72351,*****,51567,1146,16784,909,251,241,420,218,433,575,1227,1103,1669,850,0,190,1669,850
"Daviess County, Kentucky",99674,*****,91073,488,5107,594,8,15,1614,427,0,190,202,328,1670,615,0,190,1670,615
"Fayette County, Kentucky",318449,*****,238917,3753,46097,1483,1080,448,11699,990,201,324,10307,3881,10148,2057,1433,755,8715,1904
"Hardin County, Kentucky",107316,*****,84280,1062,13475,1511,175,158,1851,687,275,355,2024,1267,5236,1405,54,91,5182,1396
"Jefferson County, Kentucky",765352,*****,551075,2850,165658,3209,1477,544,21038,1298,409,220,5410,1841,20285,2966,1653,678,18632,2878
"Kenton County, Kentucky",164945,*****,149375,958,7334,881,241,212,1922,238,0,190,1667,1269,4406,1169,224,356,4182,1085
"Madison County, Kentucky",89547,*****,81935,560,4485,671,153,197,1039,273,0,190,455,443,1480,934,136,251,1344,772
"Oldham County, Kentucky",65560,*****,60007,499,1848,428,361,347,834,203,0,190,523,481,1987,537,49,87,1938,541
"Warren County, Kentucky",125532,*****,103029,1767,11775,1025,642,85,4718,182,0,190,2655,1593,2713,1462,694,629,2019,1285
"Bossier Parish, Louisiana",126057,*****,91878,645,28446,559,275,275,1906,592,220,271,773,496,2559,884,279,425,2280,799
"Caddo Parish, Louisiana",248851,*****,114096,1837,123912,744,552,383,3212,569,0,208,3470,2097,3609,1354,257,262,3352,1324
"Calcasieu Parish, Louisiana",200601,*****,140157,1611,50582,1456,747,539,2284,510,0,208,2541,1721,4290,1823,315,348,3975,1740
"East Baton Rouge Parish, Louisiana",447037,*****,210180,1683,205707,1647,419,333,14660,818,0,208,8592,1689,7479,1587,270,291,7209,1604
"Iberia Parish, Louisiana",73273,*****,43772,606,23324,882,269,311,1862,565,0,208,2073,857,1973,1182,173,240,1800,1087
"Jefferson Parish, Louisiana",436523,*****,271283,3715,117081,1966,1899,762,18643,761,0,208,18732,3879,8885,2263,2337,1517,6548,1924
"Lafayette Parish, Louisiana",241398,*****,168941,952,61221,2015,401,314,4038,585,0,208,1594,948,5203,2182,122,204,5081,2160
"Lafourche Parish, Louisiana",98305,*****,77516,1161,13471,1349,2473,470,504,471,73,142,2617,1474,1651,745,70,114,1581,754
"Orleans Parish, Louisiana",391495,*****,133434,1538,233836,1939,434,271,11721,380,97,120,4750,1666,7223,1320,364,291,6859,1343
"Ouachita Parish, Louisiana",156983,*****,94141,763,58969,756,203,192,1613,152,0,208,439,641,1618,872,255,313,1363,750
"Rapides Parish, Louisiana",132424,*****,84072,672,42337,970,701,406,2230,185,0,208,419,367,2665,947,143,164,2522,921
"St. Tammany Parish, Louisiana",253602,*****,210347,1953,27933,2279,1660,410,3793,709,274,293,3516,2023,6079,2359,374,403,5705,2203
"Tangipahoa Parish, Louisiana",130710,*****,87647,642,37463,1682,481,171,730,324,0,208,577,552,3812,1669,153,256,3659,1655
"Terrebonne Parish, Louisiana",113220,*****,79883,1138,22901,437,6376,620,571,499,0,208,1450,1142,2039,827,50,95,1989,850
"Androscoggin County, Maine",107319,*****,98905,786,3453,1005,204,186,1165,284,0,172,44,58,3548,954,0,172,3548,954
"Aroostook County, Maine",67959,*****,64534,188,904,253,850,289,292,156,13,26,84,107,1282,369,0,172,1282,369
"Cumberland County, Maine",292041,*****,268659,876,8502,1293,996,456,6084,1023,0,172,661,472,7139,1869,300,329,6839,1770
"Kennebec County, Maine",120569,*****,115205,580,1336,720,607,412,1313,192,183,199,218,229,1707,618,154,166,1553,575
"Penobscot County, Maine",151806,*****,143639,436,811,410,1940,697,1404,270,0,172,338,358,3674,704,53,72,3621,697
"York County, Maine",202343,*****,193838,714,2494,383,68,118,4274,609,0,172,146,165,1523,930,0,172,1523,930
"Allegany County, Maryland",72130,*****,63802,185,6374,349,150,122,619,251,27,48,64,85,1094,360,120,123,974,306
"Anne Arundel County, Maryland",568346,*****,416095,3427,91607,2963,1034,530,20626,1421,53,94,13384,3645,25547,3686,2123,1089,23424,3724
"Baltimore County, Maryland",831026,*****,512637,3112,238123,2475,2431,790,49490,1859,579,382,6408,1882,21358,3795,2102,1382,19256,3775
"Calvert County, Maryland",91251,*****,73623,845,11839,1234,0,198,1709,449,0,198,1064,720,3016,1318,283,391,2733,1273
"Carroll County, Maryland",167656,*****,153931,1282,5631,788,407,236,3078,424,104,190,555,437,3950,1814,1345,1296,2605,893
"Cecil County, Maryland",102603,*****,89580,771,7411,1034,0,198,1512,344,34,61,1789,830,2277,944,51,98,2226,904
"Charles County, Maryland",157705,*****,71927,959,71324,2523,246,326,4466,789,0,198,1100,494,8642,2965,190,168,8452,2950
"Frederick County, Maryland",247591,*****,200808,1950,25712,1381,1172,430,11679,811,58,95,2201,1438,5961,1553,728,573,5233,1368
"Harford County, Maryland",251032,*****,198064,1206,33432,1766,476,251,5848,1300,78,132,2935,991,10199,2163,1390,1311,8809,1849
"Howard County, Maryland",317233,*****,186168,1873,58167,1797,405,253,57006,1290,56,94,2907,1434,12524,2582,698,521,11826,2429
"Montgomery County, Maryland",1043863,*****,574964,8267,191046,3837,2053,820,154518,3181,239,360,77581,8047,43462,4862,6244,2132,37218,4968
"Prince George's County, Maryland",908049,*****,159377,6996,571454,3975,3802,1658,38290,1784,287,342,106267,7926,28572,4558,4433,2177,24139,4072
"Washington County, Maryland",150292,*****,126158,452,16125,1317,228,186,2009,474,253,384,313,316,5206,1361,241,235,4965,1336
"Wicomico County, Maryland",102577,*****,69068,1037,26015,1233,30,55,3530,156,108,186,933,894,2893,1114,146,157,2747,1081
"Baltimore city, Maryland",614664,*****,189260,2616,384465,3192,1800,782,15149,1185,604,706,9016,2771,14370,2953,976,463,13394,2864
"Barnstable County, Massachusetts",214276,*****,196365,1708,5175,1589,914,593,2951,617,1034,1215,2794,1285,5043,1932,1318,1362,3725,1287
"Berkshire County, Massachusetts",126903,*****,116668,1023,3428,944,260,272,2049,468,67,88,1200,841,3231,1187,419,361,2812,1147
"Bristol County, Massachusetts",558324,*****,469087,4786,23337,2345,105,94,13414,705,305,240,38545,4861,13531,2380,3723,1486,9808,1829
"Essex County, Massachusetts",779018,*****,635443,6366,30824,3052,1362,897,26984,1356,366,345,63750,6395,20289,3632,2610,1063,17679,3380
"Franklin County, Massachusetts",70382,*****,65664,487,692,377,262,183,710,366,293,401,583,378,2178,592,220,200,1958,616
"Hampden County, Massachusetts",468467,*****,388013,4668,40874,2129,1009,501,10440,1373,0,203,14956,3829,13175,3148,2762,1855,10413,2880
"Hampshire County, Massachusetts",161816,*****,143231,918,3958,747,72,92,7242,938,265,257,1101,531,5947,1171,1150,762,4797,1167
"Middlesex County, Massachusetts",1589774,*****,1220690,6207,86605,3401,2454,823,187448,2728,517,354,52376,6688,39684,3934,5242,1566,34442,3800
"Norfolk County, Massachusetts",697181,*****,546568,2948,45901,1705,843,558,74523,2382,215,177,12800,3262,16331,3029,1211,740,15120,3080
"Plymouth County, Massachusetts",513565,*****,430007,2807,45757,3826,688,387,6215,981,152,156,20248,4366,10498,1786,2186,914,8312,1662
"Suffolk County, Massachusetts",784230,*****,432065,6588,179093,4908,2715,1154,68847,1416,252,249,42262,5549,58996,7258,4458,1676,54538,7280
"Worcester County, Massachusetts",819589,*****,683124,5742,39855,2131,1532,727,39751,1283,292,202,33956,5406,21079,2741,4594,1535,16485,2120
"Allegan County, Michigan",115548,*****,108703,1200,1445,393,307,231,417,268,0,168,1013,681,3663,1044,872,843,2791,613
"Bay County, Michigan",104747,*****,99068,637,2410,588,241,313,309,273,0,168,630,513,2089,596,144,207,1945,549
"Berrien County, Michigan",154010,*****,120388,1390,22043,1168,413,232,2977,291,16,25,2443,1566,5730,1322,945,534,4785,1289
"Calhoun County, Michigan",134386,*****,110181,871,14071,1349,539,235,2622,773,0,168,848,698,6125,1644,84,158,6041,1625
"Clinton County, Michigan",77888,*****,73219,277,1298,182,204,278,1540,209,0,168,119,110,1508,401,68,107,1440,383
"Eaton County, Michigan",109160,*****,95114,698,6008,1111,572,259,2049,510,178,246,1071,591,4168,1218,351,478,3817,1153
"Genesee County, Michigan",408615,*****,304971,1761,81377,2403,1737,648,4111,767,305,244,2400,1604,13714,2635,680,677,13034,2440
"Grand Traverse County, Michigan",92084,*****,87400,509,903,514,888,805,488,143,98,160,333,490,1974,765,81,139,1893,760
"Ingham County, Michigan",288051,*****,213921,1753,33628,2351,993,453,19021,981,187,225,5347,1619,14954,2489,1537,878,13417,2489
"Isabella County, Michigan",71282,*****,62681,471,1517,488,1337,413,1392,261,0,168,424,425,3931,746,82,100,3849,765
"Jackson County, Michigan",158460,*****,138283,704,13482,883,676,302,1260,345,116,110,810,498,3833,1086,321,250,3512,1044
"Kalamazoo County, Michigan",261654,*****,212319,1671,28131,1859,373,329,6828,805,0,168,2359,1326,11644,2117,604,488,11040,2131
"Kent County, Michigan",642173,*****,514715,4449,59715,3406,1930,777,18849,909,67,108,21076,4160,25821,3506,2728,1146,23093,3618
"Lapeer County, Michigan",88340,*****,84352,650,1009,265,203,189,509,392,56,83,522,390,1689,523,386,386,1303,396
"Lenawee County, Michigan",98504,*****,91291,676,2998,401,702,566,256,139,0,168,663,400,2594,681,678,373,1916,578
"Livingston County, Michigan",188624,*****,182458,253,1273,215,291,222,1730,525,79,147,267,189,2526,558,78,92,2448,564
"Macomb County, Michigan",867730,*****,706518,2068,100689,2421,1762,758,32772,1501,50,86,4781,1863,21158,3001,779,506,20379,2902
"Marquette County, Michigan",66435,*****,61683,226,808,302,207,133,649,64,15,28,283,205,2790,388,144,147,2646,342
"Midland County, Michigan",83462,*****,77534,577,1235,569,228,170,1738,416,0,168,403,448,2324,954,572,503,1752,705
"Monroe County, Michigan",149208,*****,140808,1062,4242,352,804,229,952,200,0,168,514,422,1888,882,94,142,1794,865
"Muskegon County, Michigan",173408,*****,139261,1335,24450,1199,1249,584,1128,219,0,168,1092,557,6228,1655,560,605,5668,1464
"Oakland County, Michigan",1243970,*****,934642,3211,167411,4308,3016,764,87646,1889,232,283,11061,2869,39962,5280,1918,828,38044,5154
"Ottawa County, Michigan",282250,*****,255093,2469,3439,960,628,389,6244,775,165,217,7174,2649,9507,1441,1277,732,8230,1218
"Saginaw County, Michigan",192326,*****,144965,1536,35768,1488,493,294,2503,358,61,92,2800,967,5736,1748,880,565,4856,1577
"St. Clair County, Michigan",159587,*****,148831,809,3835,669,358,256,1223,316,0,168,1247,524,4093,969,385,459,3708,852
"Shiawassee County, Michigan",68554,*****,66372,227,396,268,112,105,205,204,0,168,169,189,1300,244,53,77,1247,226
"Van Buren County, Michigan",75223,*****,64948,1420,2312,430,1240,979,425,189,146,234,2211,941,3941,1116,1357,997,2584,475
"Washtenaw County, Michigan",364709,*****,269158,1179,43375,2272,1789,1063,31232,1680,179,292,2218,1037,16758,3348,656,419,16102,3360
"Wayne County, Michigan",1749366,*****,924131,4914,680630,4987,5458,1689,54230,3311,420,326,36368,4785,48129,6861,5666,2245,42463,6054
"Anoka County, Minnesota",345957,*****,291760,1699,19779,1713,2480,611,15529,925,195,227,5151,1770,11063,2290,908,814,10155,2204
"Blue Earth County, Minnesota",66441,*****,60737,372,2291,663,319,55,1325,292,0,149,133,175,1636,860,92,131,1544,845
"Carver County, Minnesota",100262,*****,91908,985,2258,290,300,324,3231,766,0,149,1115,865,1450,656,326,297,1124,619
"Dakota County, Minnesota",417486,*****,345463,2583,24024,2181,1195,515,20140,1135,102,172,12277,2720,14285,2046,1676,726,12609,1955
"Hennepin County, Minnesota",1232483,*****,893871,4023,158741,3570,9923,1657,85906,2631,483,279,40359,4042,43200,4600,3356,1183,39844,4410
"Olmsted County, Minnesota",153102,*****,129033,1106,9005,918,900,427,8964,869,0,149,2226,1128,2974,1166,282,224,2692,1134
"Ramsey County, Minnesota",540649,*****,358606,3077,59737,3364,3089,862,76470,1875,209,238,15811,3169,26727,3843,1963,990,24764,3868
"Rice County, Minnesota",65622,*****,56157,589,3451,256,86,93,1404,233,0,149,2872,963,1652,1016,236,248,1416,1020
"St. Louis County, Minnesota",199980,*****,184278,655,3353,523,4859,611,2228,262,45,63,938,606,4279,815,148,149,4131,774
"Scott County, Minnesota",143680,*****,119736,1511,4743,1100,681,478,8060,928,0,149,5193,1712,5267,1523,180,261,5087,1511
"Sherburne County, Minnesota",93528,*****,86674,888,2417,513,272,174,791,368,0,149,1213,939,2161,760,18,42,2143,757
"Stearns County, Minnesota",155652,*****,138022,841,8669,754,222,151,3701,519,0,149,2483,910,2555,1038,500,390,2055,906
"Washington County, Minnesota",253117,*****,216807,1171,11366,992,1002,426,12637,1827,66,111,3014,1065,8225,2203,1892,1551,6333,1635
"Wright County, Minnesota",132550,*****,125122,1068,1928,749,581,404,1973,396,0,149,1060,960,1886,935,400,532,1486,861
"DeSoto County, Mississippi",175611,*****,119958,1377,46205,1248,416,402,2663,443,0,213,3501,1387,2868,1319,383,304,2485,1295
"Harrison County, Mississippi",203234,*****,139366,1069,49451,1675,1225,441,5702,790,0,213,1604,940,5886,2175,678,610,5208,2042
"Hinds County, Mississippi",241229,*****,61461,1110,174862,917,205,222,1885,286,284,452,1403,971,1129,549,0,213,1129,549
"Jackson County, Mississippi",141241,*****,98840,1556,31706,782,506,303,3863,213,0,213,4189,1492,2137,1191,248,396,1889,1144
"Lee County, Mississippi",85381,*****,57782,640,24789,637,65,91,811,250,33,59,377,351,1524,981,134,221,1390,919
"Madison County, Mississippi",105114,*****,59310,904,39502,1049,444,548,2725,203,0,213,2126,1049,1007,831,0,213,1007,831
"Rankin County, Mississippi",150228,*****,114301,1095,31766,377,127,161,1518,428,0,213,1551,1098,965,508,0,213,965,508
"Boone County, Missouri",176594,*****,142618,1261,16256,1600,811,577,9021,494,23,40,2821,1537,5044,1702,191,259,4853,1698
"Buchanan County, Missouri",88938,*****,77933,1050,4572,1109,372,286,1054,315,0,187,1607,1007,3400,1332,288,310,3112,1260
"Cape Girardeau County, Missouri",78913,*****,69069,585,5525,1269,385,525,1365,156,28,50,342,481,2199,1261,0,187,2199,1261
"Cass County, Missouri",102845,*****,93928,701,3018,706,129,154,802,355,0,187,917,548,4051,858,359,268,3692,761
"Clay County, Missouri",239085,*****,204294,1920,15923,1565,534,516,6193,599,1184,1352,4577,1781,6380,1382,754,549,5626,1206
"Cole County, Missouri",76631,*****,64560,190,8477,949,290,189,1107,207,39,77,254,199,1904,1009,58,92,1846,1025
"Franklin County, Missouri",102838,*****,98926,543,861,565,71,133,625,719,332,527,583,475,1440,647,110,136,1330,652
"Greene County, Missouri",288690,*****,258094,1596,10029,1072,2188,736,5704,800,110,123,4975,1571,7590,1509,783,551,6807,1491
"Jackson County, Missouri",691801,*****,463423,4400,161932,3832,3089,946,12585,1147,2433,697,25949,4255,22390,4191,1513,1143,20877,4197
"Jasper County, Missouri",119111,*****,107566,1354,2615,673,2263,726,1634,255,139,193,2123,1292,2771,1099,330,265,2441,1078
"Jefferson County, Missouri",224226,*****,215622,676,2229,933,580,459,1882,313,0,187,365,347,3548,1204,653,588,2895,1062
"Platte County, Missouri",98309,*****,84433,666,6635,722,314,353,2838,493,73,99,998,552,3018,919,392,340,2626,791
"St. Charles County, Missouri",390918,*****,352403,1129,17540,1931,500,353,9844,1124,0,187,1809,1043,8822,2348,112,124,8710,2353
"St. Louis County, Missouri",998581,*****,684030,2784,238612,3363,1834,749,39819,2017,271,244,8883,3068,25132,3960,926,804,24206,3774
"St. Louis city, Missouri",311404,*****,144752,1300,145886,1916,762,506,10264,764,88,111,3317,1743,6335,1718,161,136,6174,1748
"Cascade County, Montana",81755,*****,72572,575,992,408,3673,589,738,525,142,126,325,281,3313,1014,0,168,3313,1014
"Flathead County, Montana",98082,*****,92689,516,282,271,848,544,340,258,163,170,679,665,3081,826,133,187,2948,842
"Gallatin County, Montana",104502,*****,99275,570,374,340,1169,537,1460,376,0,168,0,168,2224,767,29,55,2195,765
"Lewis and Clark County, Montana",67282,*****,62897,421,281,242,1101,523,572,284,0,168,422,410,2009,718,0,168,2009,718
"Missoula County, Montana",116130,*****,106680,544,715,610,3019,1098,1855,389,0,168,237,246,3624,1184,547,437,3077,1145
"Yellowstone County, Montana",158437,*****,144305,646,829,560,6176,1593,959,403,0,168,786,455,5382,1605,390,273,4992,1563
"Douglas County, Nebraska",554995,*****,444192,2767,61497,1864,1527,486,19640,1530,390,289,11142,2684,16607,2358,1082,579,15525,2170
"Lancaster County, Nebraska",309637,*****,267852,1956,12445,1917,1952,506,12252,2771,3,8,4680,1411,10453,3162,905,625,9548,3092
"Sarpy County, Nebraska",179023,*****,158913,1283,6658,983,595,298,4776,539,168,170,2121,1168,5792,1055,94,127,5698,1045
"Clark County, Nevada",2155664,*****,1330054,14195,247427,5158,13583,3294,211925,4744,17783,1756,223704,13220,111188,8826,18867,3427,92321,7763
"Washoe County, Nevada",453616,*****,355315,6275,10627,1319,6826,871,25562,1969,2436,420,32942,5644,19908,4234,2801,2651,17107,3377
"Cheshire County, New Hampshire",75774,*****,72373,347,520,279,148,124,1122,322,0,187,197,199,1414,510,271,160,1143,458
"Grafton County, New Hampshire",88888,*****,82304,367,977,193,143,145,3505,636,34,61,293,306,1632,718,44,57,1588,724
"Hillsborough County, New Hampshire",407761,*****,367574,2534,9702,1281,467,294,14874,1366,32,60,5283,2007,9829,1907,775,477,9054,1843
"Merrimack County, New Hampshire",148582,*****,140747,374,836,502,354,508,2563,649,0,187,209,317,3873,1031,197,218,3676,982
"Rockingham County, New Hampshire",303251,*****,288104,1010,2089,588,57,96,5846,746,0,187,1712,874,5443,1146,522,516,4921,1018
"Strafford County, New Hampshire",127428,*****,118919,369,1196,485,50,101,4107,593,0,187,175,167,2981,819,578,641,2403,615
"Atlantic County, New Jersey",270991,*****,176909,3878,41557,1895,824,207,22599,887,60,76,20986,4276,8056,2438,3178,1630,4878,1745
"Bergen County, New Jersey",939151,*****,678573,4856,56391,3800,1748,721,153276,2629,804,763,20616,3635,27743,4027,4733,1597,23010,3942
"Burlington County, New Jersey",449284,*****,323113,2352,74530,2470,378,299,23697,888,123,143,10123,2752,17320,2594,2367,1058,14953,2250
"Camden County, New Jersey",510150,*****,324529,4212,96342,2921,1032,748,29696,858,0,200,44228,4788,14323,3024,1950,873,12373,2847
"Cape May County, New Jersey",94430,*****,86834,494,3321,1410,63,110,806,408,127,184,648,414,2631,1494,38,79,2593,1491
"Cumberland County, New Jersey",153797,*****,103640,2980,28739,2025,1960,943,2258,478,0,200,10350,2274,6850,2031,1876,1215,4974,1637
"Essex County, New Jersey",796914,*****,355482,6525,317198,4084,1518,894,42298,1386,0,200,58747,6295,21671,4633,4090,1146,17581,4401
"Gloucester County, New Jersey",292330,*****,237650,1647,29805,1597,215,317,8955,750,0,200,6186,2187,9519,2362,3066,1371,6453,1826
"Hudson County, New Jersey",677983,*****,367911,10452,81508,2916,2484,819,102554,2364,752,602,96113,10148,26661,3796,11030,3208,15631,2725
"Hunterdon County, New Jersey",124676,*****,113236,1116,3498,331,19,39,4757,752,73,128,1238,1126,1855,820,791,682,1064,596
"Mercer County, New Jersey",371023,*****,238907,2679,78453,2932,493,453,40864,982,597,767,4213,1548,7496,1970,933,751,6563,1783
"Middlesex County, New Jersey",837073,*****,490322,6372,83900,2351,2096,1108,203045,2171,297,324,35789,6886,21624,3557,7529,2098,14095,2900
"Monmouth County, New Jersey",625846,*****,514689,4671,45430,2328,966,523,35774,921,30,42,18484,4732,10473,1869,1843,979,8630,1700
"Morris County, New Jersey",498423,*****,402032,4272,15796,1516,139,185,53056,1210,0,200,17716,4480,9684,2003,1638,777,8046,1824
"Ocean County, New Jersey",592497,*****,536665,4961,17336,1889,400,348,11908,851,664,877,17161,4929,8363,2035,1162,1028,7201,1796
"Passaic County, New Jersey",507945,*****,333685,6803,57390,2710,1643,804,26481,1241,180,296,74754,7140,13812,2993,3444,1310,10368,2559
"Salem County, New Jersey",63436,*****,50303,1165,8147,1065,162,148,774,200,0,200,1966,1094,2084,1187,246,269,1838,1048
"Somerset County, New Jersey",333751,*****,224326,3004,32448,906,1718,1025,57437,1570,47,78,10493,3024,7282,1854,1659,952,5623,1622
"Sussex County, New Jersey",142522,*****,132461,1372,2904,366,0,200,3229,520,0,200,1717,1312,2211,677,96,180,2115,678
"Union County, New Jersey",555630,*****,304604,7695,114911,3393,2210,1716,27892,1462,0,200,89983,8855,16030,2743,5446,1943,10584,2093
"Warren County, New Jersey",106617,*****,95037,1275,4981,370,117,115,2825,449,0,200,2019,1212,1638,695,161,166,1477,639
"Bernalillo County, New Mexico",676953,*****,479588,9412,18679,1603,34521,3022,18595,1342,498,548,101451,8945,23621,3706,9664,2481,13957,2836
"Chaves County, New Mexico",65282,*****,59253,1591,1717,154,1481,658,67,102,22,45,2013,1256,729,642,650,622,79,167
"Doa Ana County, New Mexico",214207,*****,194538,3403,3599,341,2578,835,2341,294,69,130,8652,3443,2430,871,628,385,1802,767
"Lea County, New Mexico",69749,*****,62201,1463,2172,835,452,242,0,195,46,84,3134,1438,1744,813,265,244,1479,836
"McKinley County, New Mexico",74923,*****,10318,1640,161,137,58562,1019,766,195,219,262,3963,1947,934,596,364,428,570,425
"Otero County, New Mexico",65410,*****,50841,2292,2625,503,4423,467,969,239,0,195,3628,2052,2924,1603,452,449,2472,1561
"Sandoval County, New Mexico",142025,*****,99399,2713,2980,467,18026,863,2100,1167,25,41,11878,2707,7617,1856,2504,1258,5113,1324
"San Juan County, New Mexico",115079,*****,62316,1870,656,466,41426,1442,690,222,74,127,6795,1368,3122,1167,413,388,2709,1139
"Santa Fe County, New Mexico",148651,*****,126078,2545,1260,179,5173,1007,1976,462,38,50,9950,2047,4176,1291,2010,993,2166,871
"Valencia County, New Mexico",75626,*****,60577,2996,788,240,2782,628,340,264,0,195,8365,2702,2774,1036,1413,775,1361,723
"Albany County, New York",308846,*****,230831,2262,38386,2112,788,467,21011,917,0,192,5538,1504,12292,2414,1706,991,10586,2291
"Bronx County, New York",1455720,*****,312877,12856,495031,8546,8777,2234,51958,2912,372,436,528863,14923,57842,6806,23737,4683,34105,5554
"Broome County, New York",195334,*****,166572,1038,12650,1572,13,27,7006,1214,21,38,1866,914,7206,1595,810,740,6396,1585
"Cattaraugus County, New York",77677,*****,71286,276,1148,321,2615,308,509,252,0,192,376,224,1743,491,621,361,1122,379
"Cayuga County, New York",77861,*****,71746,472,3240,544,139,115,400,408,0,192,554,367,1782,649,171,255,1611,571
"Chautauqua County, New York",129504,*****,120008,1187,3784,474,326,140,760,336,64,97,2035,1017,2527,869,493,664,2034,610
"Chemung County, New York",86322,*****,75851,561,4798,870,171,223,1588,76,22,47,770,478,3122,970,110,160,3012,970
"Clinton County, New York",81073,*****,73092,675,3875,305,114,139,990,346,0,192,1811,728,1191,534,117,168,1074,475
"Dutchess County, New York",294473,*****,232515,3106,31588,2108,989,440,10743,767,422,493,9189,2960,9027,2426,1490,717,7537,2373
"Erie County, New York",921046,*****,718970,3294,122691,2436,4730,1272,34132,1166,405,162,18740,3307,21378,3354,3686,1667,17692,2714
"Jefferson County, New York",114006,*****,98583,1004,5871,1264,1667,1090,1998,456,41,57,1425,603,4421,1155,629,575,3792,1023
"Kings County, New York",2629150,*****,1124155,10525,861749,7591,8714,2639,315850,4323,1402,596,237591,11781,79689,6475,13817,2845,65872,5955
"Livingston County, New York",64257,*****,59522,542,1985,498,352,267,699,309,76,141,800,531,823,392,9,18,814,394
"Madison County, New York",71329,*****,67495,483,1272,475,203,123,726,255,152,251,200,172,1281,613,409,463,872,344
"Monroe County, New York",747727,*****,570709,2932,113806,2723,2763,877,26420,1797,309,323,12100,2510,21620,3250,3305,1578,18315,3273
"Nassau County, New York",1361500,*****,926594,9490,158561,3628,3420,1385,127934,2176,285,214,102363,8812,42343,6245,11992,2910,30351,4920
"New York County, New York",1643734,*****,931953,10526,246095,6743,4555,1574,204434,3603,1205,876,179384,11666,76108,9660,21190,6206,54918,7299
"Niagara County, New York",211758,*****,185171,1241,13450,1266,2246,418,2082,413,141,183,1822,1006,6846,1571,533,446,6313,1517
"Oneida County, New York",231190,*****,197816,1290,13313,1634,400,364,9824,545,53,93,2474,1034,7310,1636,519,400,6791,1651
"Onondaga County, New York",466194,*****,370920,1646,52781,1782,1769,655,17413,1087,81,97,6250,1690,16980,2450,587,295,16393,2427
"Ontario County, New York",109828,*****,101231,693,3180,801,584,670,1345,356,114,172,1649,776,1725,693,330,301,1395,636
"Orange County, New York",379210,*****,278706,4467,38853,2721,1877,610,10686,962,149,247,32984,4846,15955,3438,3331,1332,12624,2969
"Oswego County, New York",118987,*****,113860,511,1795,553,184,133,730,215,75,121,167,155,2176,459,20,33,2156,457
"Putnam County, New York",98900,*****,85102,1797,1490,643,859,626,2214,423,56,86,7046,1878,2133,829,357,300,1776,771
"Queens County, New York",2333054,*****,905860,12959,421307,6524,9509,2054,592922,6301,1240,696,318657,15669,83559,7695,29285,4754,54274,6079
"Rensselaer County, New York",160070,*****,137956,1186,9755,1225,799,932,4019,750,0,192,1866,1064,5675,1212,265,235,5410,1192
"Richmond County, New York",476015,*****,352530,5099,48920,2200,251,250,40747,1571,721,927,22464,5141,10382,2271,2183,872,8199,2208
"Rockland County, New York",326780,*****,225848,4175,40350,1940,592,372,19686,1117,49,87,33989,5006,6266,1613,1087,668,5179,1545
"St. Lawrence County, New York",110038,*****,102840,543,2925,352,437,289,1489,264,11,17,472,214,1864,625,288,243,1576,599
"Saratoga County, New York",227053,*****,211505,886,2719,1370,484,351,6797,434,91,163,907,681,4550,1486,54,80,4496,1447
"Schenectady County, New York",154553,*****,119476,2091,14509,2171,258,305,6739,580,219,335,7110,2756,6242,1794,1149,880,5093,1662
"Steuben County, New York",96940,*****,91500,352,1835,448,120,134,1298,369,0,192,524,381,1663,476,288,284,1375,442
"Suffolk County, New York",1492583,*****,1195796,11756,111177,2689,3361,1177,58726,2528,833,555,93130,11861,29560,3824,8108,2110,21452,3380
"Sullivan County, New York",74801,*****,60496,2035,5662,967,52,73,1227,391,0,192,4373,2116,2991,1337,502,626,2489,1071
"Tompkins County, New York",104871,*****,83423,799,4698,454,268,214,10625,898,0,192,1656,639,4201,1123,223,284,3978,1046
"Ulster County, New York",179225,*****,152042,1754,10859,1929,151,119,3969,546,21,43,5275,1537,6908,1968,701,613,6207,1921
"Warren County, New York",64567,*****,62127,188,690,246,85,133,603,208,82,132,146,185,834,318,0,192,834,318
"Wayne County, New York",90798,*****,84497,921,2458,388,59,77,775,232,0,192,1092,943,1917,495,48,92,1869,495
"Westchester County, New York",974542,*****,628687,8448,144510,3610,2745,832,57962,2210,192,142,107885,8254,32561,5274,12405,3712,20156,3585
"Alamance County, North Carolina",159688,*****,110933,2190,31088,1129,779,494,2245,322,307,350,11140,2340,3196,1074,478,459,2718,978
"Brunswick County, North Carolina",126953,*****,105877,1372,13110,1576,1056,530,708,404,0,203,2814,1716,3388,2190,365,404,3023,2134
"Buncombe County, North Carolina",256088,*****,226953,1860,15445,1517,959,448,3542,811,425,486,3181,1985,5583,1591,288,247,5295,1603
"Burke County, North Carolina",88851,*****,74837,1143,5443,671,537,163,3447,10,127,238,3437,1231,1023,698,0,203,1023,698
"Cabarrus County, North Carolina",201590,*****,141332,2117,34402,1504,511,537,6212,902,374,445,12541,2424,6218,2305,1200,1138,5018,1609
"Caldwell County, North Carolina",81449,*****,72101,580,3611,1109,550,377,302,511,0,203,3569,687,1316,1063,218,367,1098,914
"Carteret County, North Carolina",68890,*****,61844,408,3798,411,285,245,546,309,0,203,320,309,2097,574,53,70,2044,561
"Catawba County, North Carolina",156459,*****,122004,1401,13875,1122,600,246,6466,333,0,203,10980,1400,2534,1147,84,141,2450,1140
"Chatham County, North Carolina",72243,*****,59488,1005,8033,853,0,203,868,620,0,203,1187,956,2667,1042,122,214,2545,1053
"Cleveland County, North Carolina",97144,*****,71847,490,20734,409,157,250,1134,129,0,203,2499,713,773,460,115,146,658,392
"Craven County, North Carolina",103445,*****,71552,1382,20612,2292,812,324,3215,378,50,80,3030,1630,4174,2364,0,203,4174,2364
"Cumberland County, North Carolina",327127,*****,162910,2553,124566,2613,5012,1208,7649,1120,737,344,7461,2141,18792,2793,1746,911,17046,2672
"Davidson County, North Carolina",164926,*****,139762,2179,13621,1603,133,151,2630,113,0,203,4359,2215,4421,1585,0,203,4421,1585
"Durham County, North Carolina",306212,*****,158099,3041,113137,2104,669,340,15714,1107,267,315,10281,2916,8045,2030,591,530,7454,1962
"Forsyth County, North Carolina",371511,*****,245900,2789,97584,1978,1513,660,8532,749,21,40,8879,2294,9082,2376,1324,734,7758,2261
"Gaston County, North Carolina",216965,*****,167912,1751,34358,1782,1004,352,3627,327,0,203,5169,1750,4895,1828,680,388,4215,1808
"Guilford County, North Carolina",521330,*****,290962,3045,175229,3145,1975,580,26138,582,383,424,14980,3358,11663,2748,963,961,10700,2807
"Harnett County, North Carolina",130881,*****,86920,1519,27503,1269,878,561,916,337,202,307,8723,1761,5739,1363,830,511,4909,1335
"Henderson County, North Carolina",114209,*****,106200,727,5236,833,6,14,1607,203,0,203,335,283,825,474,0,203,825,474
"Iredell County, North Carolina",172916,*****,142713,1160,21633,751,194,228,4410,393,0,203,1728,953,2238,927,371,368,1867,816
"Johnston County, North Carolina",191450,*****,149935,2731,31782,2318,729,618,536,480,0,203,3042,1810,5426,1642,543,605,4883,1582
"Lincoln County, North Carolina",81168,*****,70976,1321,3566,1254,1149,1048,638,104,106,180,3239,1418,1494,859,517,576,977,702
"Mecklenburg County, North Carolina",1054835,*****,574931,6887,334621,4162,2740,970,59544,1554,786,301,55771,6855,26442,3343,2388,1037,24054,3256
"Moore County, North Carolina",95776,*****,78987,1098,13027,550,108,138,1649,107,80,141,510,491,1415,1389,171,257,1244,1159
"Nash County, North Carolina",94005,*****,50212,1251,37748,778,434,313,845,217,0,203,3161,1191,1605,1051,193,282,1412,1019
"New Hanover County, North Carolina",223483,*****,180970,1728,31080,1780,625,477,2161,768,0,203,2255,1111,6392,1795,205,230,6187,1804
"Onslow County, North Carolina",187136,*****,139353,2304,24311,2427,591,318,3350,709,413,275,3224,1615,15894,3118,2144,1949,13750,2530
"Orange County, North Carolina",141796,*****,106590,1378,14958,1620,677,239,11270,826,0,203,1976,1005,6325,1950,881,717,5444,1802
"Pitt County, North Carolina",177220,*****,102197,1972,62515,2171,640,204,2983,791,64,101,4316,2236,4505,1740,268,291,4237,1714
"Randolph County, North Carolina",143416,*****,119977,2453,9771,1132,262,221,1463,514,0,203,9133,2630,2810,918,443,434,2367,796
"Robeson County, North Carolina",133235,*****,38442,1351,32385,576,52789,1091,958,68,197,303,6244,1352,2220,960,209,243,2011,965
"Rockingham County, North Carolina",91393,*****,70668,825,15921,1339,717,694,618,42,51,89,1117,868,2301,1257,33,59,2268,1258
"Rowan County, North Carolina",139933,*****,107453,1778,22460,1049,659,251,1104,441,0,203,5519,1761,2738,987,212,260,2526,932
"Rutherford County, North Carolina",66421,*****,58022,357,5822,990,627,486,744,755,29,61,229,353,948,795,0,203,948,795
"Surry County, North Carolina",72113,*****,65066,1124,2708,417,153,177,406,114,173,311,2561,1172,1046,679,0,203,1046,679
"Union County, North Carolina",226606,*****,187188,1233,25691,1208,528,387,5792,733,0,203,2272,1219,5135,1430,181,186,4954,1466
"Wake County, North Carolina",1046791,*****,688226,6466,213306,4132,3815,1183,69541,2393,157,184,40616,7236,31130,4297,3082,1249,28048,4232
"Wayne County, North Carolina",124150,*****,79743,1040,37003,1491,324,234,1539,477,65,124,1082,999,4394,1581,44,68,4350,1585
"Wilkes County, North Carolina",68740,*****,62089,1261,1994,1040,10,20,1232,1192,104,192,1906,1262,1405,651,41,82,1364,630
"Wilson County, North Carolina",81661,*****,41449,1428,32474,885,574,743,208,475,0,203,4874,1521,2082,949,57,121,2025,939
"Burleigh County, North Dakota",94487,*****,85935,489,2066,450,4142,936,714,791,140,233,108,152,1382,871,140,211,1242,831
"Cass County, North Dakota",175249,*****,153678,1008,9281,1155,1478,642,4496,1045,0,155,908,909,5408,1893,357,443,5051,1723
"Grand Forks County, North Dakota",71083,*****,62439,311,2825,555,1780,721,1802,295,0,155,80,102,2157,1010,106,234,2051,978
"Ward County, North Dakota",70210,*****,60834,1249,1578,967,3000,1167,865,355,0,155,1717,1387,2216,1064,0,155,2216,1064
"Allen County, Ohio",103742,*****,85612,926,12198,1238,245,278,917,316,0,189,1244,995,3526,1212,287,309,3239,1168
"Ashtabula County, Ohio",98231,*****,90797,732,3902,977,269,275,492,501,42,81,222,170,2507,904,0,189,2507,904
"Athens County, Ohio",66186,*****,59847,361,2143,242,0,189,1250,656,0,189,407,377,2539,690,112,191,2427,685
"Butler County, Ohio",377537,*****,322458,1908,30413,2209,536,455,10086,1284,98,122,3219,1809,10727,2921,764,754,9963,2715
"Clark County, Ohio",134786,*****,117082,735,9921,946,289,275,393,272,53,87,808,699,6240,1027,97,155,6143,1020
"Clermont County, Ohio",203022,*****,193577,410,3373,752,0,189,2833,418,187,216,391,348,2661,800,35,62,2626,802
"Columbiana County, Ohio",103685,*****,97992,406,2766,609,201,197,0,189,0,189,1185,431,1541,519,194,175,1347,542
"Cuyahoga County, Ohio",1249352,*****,780502,3251,367135,4092,2275,608,35357,1554,389,148,21144,3094,42550,5237,4011,1539,38539,4865
"Delaware County, Ohio",196463,*****,173006,477,6944,935,253,220,11311,1233,53,89,738,492,4158,1520,250,405,3908,1404
"Erie County, Ohio",75107,*****,64185,789,6933,1347,61,113,620,94,0,189,779,482,2529,1166,153,239,2376,1114
"Fairfield County, Ohio",152597,*****,133473,671,11068,1097,407,372,1560,723,0,189,1309,1052,4780,1565,201,229,4579,1498
"Franklin County, Ohio",1264518,*****,855234,5012,280522,4600,2170,1060,62789,1879,747,393,15363,4100,47693,6263,2146,1103,45547,6197
"Greene County, Ohio",164765,*****,141014,1072,11672,1010,235,372,4902,736,0,189,1707,941,5235,1511,131,134,5104,1518
"Hamilton County, Ohio",809099,*****,542878,2841,208972,4114,800,442,21398,978,85,103,11962,3144,23004,4029,648,434,22356,3897
"Hancock County, Ohio",75872,*****,70208,846,821,278,7,19,1412,306,0,189,1358,662,2066,650,399,519,1667,407
"Lake County, Ohio",228614,*****,208258,1485,9011,818,388,281,3153,498,26,55,2414,1230,5364,1654,545,403,4819,1646
"Licking County, Ohio",172198,*****,158253,957,6542,1053,125,142,2087,339,0,189,926,973,4265,1209,0,189,4265,1209
"Lorain County, Ohio",306365,*****,260616,2252,26803,1809,578,306,2735,1268,174,278,4160,1494,11299,2456,2356,1596,8943,1936
"Lucas County, Ohio",432488,*****,313144,2184,82833,2036,816,445,6710,922,233,280,10626,1969,18126,2774,3508,1516,14618,2246
"Mahoning County, Ohio",230008,*****,183773,1479,35050,1457,402,225,2048,493,0,189,1527,724,7208,2120,446,346,6762,2087
"Medina County, Ohio",177221,*****,168281,809,2542,654,524,533,1651,390,0,189,996,660,3227,656,92,159,3135,664
"Miami County, Ohio",104679,*****,98031,582,2410,705,126,142,1294,407,0,189,720,624,2098,792,89,142,2009,791
"Montgomery County, Ohio",531239,*****,388711,1367,110639,2520,640,466,11335,871,374,294,3071,1266,16469,2448,332,247,16137,2416
"Portage County, Ohio",161921,*****,147855,436,6943,775,174,256,2837,592,0,189,511,436,3601,1033,39,70,3562,1017
"Richland County, Ohio",121107,*****,104750,650,12153,802,253,144,821,329,85,159,630,389,2415,799,247,320,2168,753
"Stark County, Ohio",373612,*****,327583,1450,27377,1811,218,258,3682,480,0,189,2474,1311,12278,2288,869,561,11409,2141
"Summit County, Ohio",540300,*****,427390,1202,77916,2456,503,333,17116,1156,149,154,1385,931,15841,2611,552,448,15289,2590
"Trumbull County, Ohio",201825,*****,178222,783,17537,1616,364,320,860,340,0,189,291,201,4551,1628,154,163,4397,1587
"Warren County, Ohio",227063,*****,200973,1219,8661,929,0,189,12734,784,0,189,1886,1165,2809,1127,12,25,2797,1126
"Wayne County, Ohio",116470,*****,109609,402,1923,497,33,65,1265,310,0,189,1789,388,1851,618,50,84,1801,611
"Wood County, Ohio",130219,*****,119109,919,3912,437,510,270,1938,466,234,334,1858,893,2658,897,472,349,2186,817
"Canadian County, Oklahoma",136532,*****,110859,1600,3031,904,5720,1215,4298,502,0,159,5825,2130,6799,1536,609,568,6190,1411
"Cleveland County, Oklahoma",278655,*****,218891,1894,12353,1279,11785,1469,12864,1163,142,174,3154,1227,19466,2302,981,443,18485,2276
"Comanche County, Oklahoma",122136,*****,76393,1798,22659,1332,6613,1354,2645,739,225,227,2850,1317,10751,1865,709,493,10042,1692
"Creek County, Oklahoma",71312,*****,56935,358,1349,239,8304,819,249,199,55,94,282,276,4138,906,0,159,4138,906
"Muskogee County, Oklahoma",69477,*****,40817,696,7297,618,12438,1195,513,62,103,166,1728,747,6581,1510,110,120,6471,1525
"Oklahoma County, Oklahoma",782970,*****,539756,5273,118634,3398,24989,2979,24246,2082,1011,477,24272,4810,50062,4449,2661,1106,47401,4415
"Payne County, Oklahoma",81131,*****,65460,585,3536,302,4184,973,3866,436,0,159,295,313,3790,1069,134,161,3656,1049
"Pottawatomie County, Oklahoma",72290,*****,54566,383,2607,141,10306,767,578,175,60,101,368,202,3805,856,522,376,3283,814
"Rogers County, Oklahoma",91766,*****,68761,520,871,162,10913,1188,1044,349,0,159,1171,497,9006,1159,111,129,8895,1173
"Tulsa County, Oklahoma",642940,*****,445786,2969,63930,2131,32602,2312,21241,782,279,162,26455,3129,52647,3393,2707,802,49940,3382
"Wagoner County, Oklahoma",77679,*****,58594,700,2716,253,6890,1024,951,369,90,98,908,524,7530,1268,551,477,6979,1112
"Benton County, Oregon",89385,*****,77080,970,984,495,459,400,5884,551,262,144,1185,714,3531,937,0,201,3531,937
"Clackamas County, Oregon",408062,*****,357854,3501,4548,1460,3639,1607,16159,2150,626,428,8713,2971,16523,2824,509,466,16014,2742
"Deschutes County, Oregon",181307,*****,167962,2023,1089,492,806,483,1730,537,87,139,3582,1751,6051,1043,639,677,5412,949
"Douglas County, Oregon",108457,*****,100124,801,642,168,1033,704,1026,556,102,186,618,493,4912,742,179,207,4733,726
"Jackson County, Oregon",216527,*****,192932,3247,1390,775,2298,1037,2803,720,635,294,8039,3449,8430,2061,547,522,7883,1976
"Josephine County, Oregon",85904,*****,80113,946,1441,1034,1593,1107,657,590,22,51,249,337,1829,998,412,539,1417,841
"Klamath County, Oregon",66443,*****,57742,1375,134,159,3131,781,702,311,216,237,1793,1280,2725,1001,0,201,2725,1001
"Lane County, Oregon",369519,*****,324944,2572,3663,891,4162,1132,9597,1519,928,271,6858,2225,19367,2315,917,630,18450,2214
"Linn County, Oregon",122849,*****,110734,2098,595,400,1248,569,1299,598,74,49,4511,2127,4388,881,128,129,4260,876
"Marion County, Oregon",336316,*****,265422,5112,4806,857,2378,869,6959,1012,2402,1163,23368,4366,30981,5570,1733,896,29248,5759
"Multnomah County, Oregon",799766,*****,630308,4302,45410,2475,5658,1353,56252,2438,4647,1431,16182,3336,41309,4313,1837,775,39472,4134
"Polk County, Oregon",81823,*****,73654,1170,358,188,1905,698,1362,576,369,324,1402,980,2773,1037,404,503,2369,922
"Umatilla County, Oregon",76456,*****,67399,1653,573,353,1861,584,266,356,141,167,1998,1400,4218,1096,395,392,3823,905
"Washington County, Oregon",582779,*****,439014,5814,10846,2257,2252,917,58739,2420,2262,1181,33702,6150,35964,4772,6662,2879,29302,4300
"Yamhill County, Oregon",105035,*****,91961,1979,611,326,1755,1094,1804,628,367,266,3317,1759,5220,1289,457,665,4763,1074
"Adams County, Pennsylvania",102180,*****,94434,1017,1057,544,65,72,426,225,0,174,3626,1033,2572,542,212,164,2360,531
"Allegheny County, Pennsylvania",1225365,*****,982979,2051,154858,4214,975,390,43283,1734,443,463,4933,1528,37894,4820,2346,1524,35548,4591
"Beaver County, Pennsylvania",167429,*****,151718,741,9238,1430,91,151,551,516,194,293,779,748,4858,1392,136,190,4722,1400
"Berks County, Pennsylvania",414812,*****,343554,5162,18603,1950,4478,2601,5504,785,0,174,14887,2992,27786,4630,2254,1156,25532,4440
"Blair County, Pennsylvania",124650,*****,119127,544,2498,559,17,30,844,184,262,330,354,510,1548,524,113,187,1435,529
"Bucks County, Pennsylvania",626399,*****,551410,3230,22210,2241,912,509,30721,1293,0,174,7193,2794,13953,2971,2115,1526,11838,2413
"Butler County, Pennsylvania",186847,*****,179023,755,2329,342,177,167,2478,523,0,174,727,662,2113,768,31,41,2082,768
"Cambria County, Pennsylvania",134732,*****,126107,482,3266,1104,13,19,515,229,175,195,527,313,4129,1116,460,313,3669,1087
"Centre County, Pennsylvania",161464,*****,142112,412,5949,433,115,137,8766,1354,80,110,437,302,4005,1439,1190,1218,2815,912
"Chester County, Pennsylvania",516312,*****,440376,1891,29721,1879,506,391,25578,1432,254,268,6783,1778,13094,2770,2573,1188,10521,2356
"Clearfield County, Pennsylvania",80596,*****,76391,508,2580,612,508,475,390,250,0,174,228,219,499,384,108,113,391,382
"Columbia County, Pennsylvania",66420,*****,62704,551,1475,372,64,71,781,131,0,174,787,544,609,372,106,145,503,345
"Crawford County, Pennsylvania",86257,*****,82613,209,1507,294,14,22,314,213,51,79,192,187,1566,391,336,298,1230,319
"Cumberland County, Pennsylvania",248506,*****,218262,1148,10293,1181,171,189,10925,957,0,174,4149,1182,4706,1698,953,949,3753,1279
"Dauphin County, Pennsylvania",273707,*****,193791,2250,52861,1936,918,566,11959,548,0,174,7929,2693,6249,1685,190,169,6059,1677
"Delaware County, Pennsylvania",563402,*****,389846,1947,120082,2130,1165,669,32804,838,0,174,6352,1808,13153,2159,878,529,12275,2188
"Erie County, Pennsylvania",276207,*****,241733,1218,20144,1564,613,327,4980,339,201,260,1903,1023,6633,1417,487,360,6146,1440
"Fayette County, Pennsylvania",132733,*****,122730,393,5313,767,63,112,320,198,56,119,589,365,3662,795,65,70,3597,804
"Franklin County, Pennsylvania",153851,*****,142799,1224,6445,745,469,573,1733,470,60,98,601,729,1744,1118,200,253,1544,1054
"Indiana County, Pennsylvania",86364,*****,81885,244,2255,595,291,441,942,489,62,120,156,174,773,491,69,119,704,481
"Lackawanna County, Pennsylvania",211321,*****,193832,1410,5870,1293,214,170,5204,838,58,114,1246,705,4897,1706,80,99,4817,1720
"Lancaster County, Pennsylvania",538500,*****,481798,3232,23427,2211,431,399,10923,1380,53,87,9219,2384,12649,2071,1402,834,11247,1875
"Lawrence County, Pennsylvania",87294,*****,81410,250,4075,497,45,75,344,139,0,174,139,223,1281,512,73,107,1208,510
"Lebanon County, Pennsylvania",138863,*****,120894,1984,3650,958,129,187,2078,135,0,174,9250,2297,2862,1563,1546,1404,1316,753
"Lehigh County, Pennsylvania",363147,*****,286600,4947,26645,3087,358,342,11587,1139,0,174,26967,4483,10990,2216,2337,1353,8653,1995
"Luzerne County, Pennsylvania",316383,*****,285321,2764,13937,1849,452,374,3756,458,77,130,7116,2501,5724,1478,1185,874,4539,1194
"Lycoming County, Pennsylvania",115248,*****,106461,330,5208,901,11,24,637,265,17,34,296,357,2618,889,166,202,2452,887
"Mercer County, Pennsylvania",112913,*****,103190,277,6427,761,71,88,904,205,18,34,165,193,2138,764,26,64,2112,751
"Monroe County, Pennsylvania",166098,*****,124741,3077,23137,2387,257,291,3492,959,191,265,8899,3508,5381,2088,1209,1015,4172,1907
"Montgomery County, Pennsylvania",821725,*****,654626,2723,73076,2155,1230,724,60749,1567,295,360,9751,2699,21998,2656,2402,993,19596,2615
"Northampton County, Pennsylvania",302294,*****,262942,3188,15889,1760,459,235,8454,554,0,174,4759,1723,9791,3398,1550,816,8241,3196
"Northumberland County, Pennsylvania",92541,*****,87742,612,2471,387,127,148,432,137,0,174,665,584,1104,443,186,171,918,420
"Philadelphia County, Pennsylvania",1567872,*****,634111,9099,661032,6667,5521,1410,110733,2985,480,298,104892,8590,51103,5880,10716,3221,40387,5480
"Schuylkill County, Pennsylvania",143573,*****,133893,1111,4370,714,288,158,829,238,0,174,2261,1132,1932,881,398,340,1534,801
"Somerset County, Pennsylvania",75061,*****,71676,425,2031,556,69,70,380,414,0,174,163,126,742,246,53,115,689,229
"Washington County, Pennsylvania",207981,*****,194397,1099,6242,958,271,318,1981,497,0,174,1153,1073,3937,1022,21,36,3916,1024
"Westmoreland County, Pennsylvania",355458,*****,336698,631,9544,1265,75,108,3691,268,34,66,797,458,4619,1164,202,201,4417,1102
"York County, Pennsylvania",443744,*****,391834,2860,25561,2355,943,475,6918,424,231,303,7853,2749,10404,2081,737,428,9667,2137
"Kent County, Rhode Island",164614,*****,151589,1171,2738,588,196,271,3675,1206,128,203,1900,1029,4388,1449,135,157,4253,1437
"Newport County, Rhode Island",82784,*****,74333,962,3077,884,130,221,1864,282,310,481,1106,935,1964,1061,318,412,1646,890
"Providence County, Rhode Island",633673,*****,460377,6033,58806,4016,4643,1674,26713,1790,572,432,57811,5959,24751,4175,6326,2142,18425,3266
"Washington County, Rhode Island",126288,*****,117411,783,2307,344,293,276,3352,755,427,652,1202,625,1296,519,28,55,1268,516
"Aiken County, South Carolina",167458,*****,119571,976,41026,1785,477,497,1938,235,125,146,1057,820,3264,1696,101,139,3163,1696
"Anderson County, South Carolina",196569,*****,156660,1797,32543,1582,309,215,1935,355,0,207,1944,1655,3178,1071,52,96,3126,1064
"Beaufort County, South Carolina",183149,*****,138177,2323,33588,1567,659,964,2367,548,106,81,4005,2108,4247,1463,538,483,3709,1301
"Berkeley County, South Carolina",210898,*****,141762,1575,51487,1224,644,511,5728,734,0,207,5460,1815,5817,1429,51,98,5766,1426
"Charleston County, South Carolina",396484,*****,271106,1352,109189,2188,626,365,6001,788,0,207,2356,1121,7206,2292,217,224,6989,2254
"Dorchester County, South Carolina",153773,*****,103108,2655,37763,2089,1078,656,2803,602,0,207,3173,2716,5848,2415,139,163,5709,2391
"Florence County, South Carolina",138742,*****,75530,455,59522,600,113,135,1751,366,0,207,282,258,1544,881,30,47,1514,881
"Greenville County, South Carolina",498766,*****,372089,3759,91056,1634,1844,1265,11379,821,439,364,11693,3407,10266,2497,1205,538,9061,2381
"Greenwood County, South Carolina",70133,*****,45687,385,21328,1364,0,207,918,207,0,207,1265,1363,935,1098,96,69,839,1098
"Horry County, South Carolina",322342,*****,260680,2735,44012,1220,1727,569,4425,728,192,305,6660,2714,4646,1732,1213,786,3433,1445
"Lancaster County, South Carolina",89594,*****,64846,1610,20723,798,0,207,412,410,0,207,3039,1617,574,560,0,207,574,560
"Laurens County, South Carolina",66777,*****,47288,788,14837,1370,128,124,981,714,471,609,1017,644,2055,988,348,356,1707,845
"Lexington County, South Carolina",286196,*****,227447,1743,41478,1660,627,354,4965,917,111,143,3819,1715,7749,1894,400,320,7349,1842
"Oconee County, South Carolina",76355,*****,67461,950,5645,648,61,105,404,232,0,207,952,965,1832,672,158,191,1674,670
"Orangeburg County, South Carolina",87903,*****,29564,226,55797,741,606,260,529,418,0,207,23,40,1384,900,0,207,1384,900
"Pickens County, South Carolina",122863,*****,108555,883,8542,781,0,207,3013,449,109,175,841,690,1803,839,342,227,1461,805
"Richland County, South Carolina",409549,*****,186850,1912,190887,3099,695,571,10198,1052,545,671,8467,2257,11907,2577,937,445,10970,2551
"Spartanburg County, South Carolina",301463,*****,221226,2103,61262,1634,197,215,6514,747,30,54,4830,2092,7404,2001,695,492,6709,1856
"Sumter County, South Carolina",107396,*****,51345,1072,51510,999,104,121,1659,286,142,255,400,426,2236,1546,258,370,1978,1302
"York County, South Carolina",258526,*****,191332,2391,48293,1551,2027,397,4854,1062,115,143,5796,2301,6109,2041,603,590,5506,1977
"Minnehaha County, South Dakota",187318,*****,161240,1477,9385,1098,3948,1032,4477,340,67,88,2887,1487,5314,1452,549,409,4765,1453
"Pennington County, South Dakota",109372,*****,90775,1003,1426,272,10308,1843,1444,239,14,28,254,239,5151,1604,712,733,4439,1448
"Anderson County, Tennessee",75936,*****,69275,684,3191,686,0,204,1208,164,87,137,762,680,1413,764,0,204,1413,764
"Blount County, Tennessee",128670,*****,120416,829,3897,1135,113,181,914,332,81,144,242,343,3007,1113,160,223,2847,1091
"Bradley County, Tennessee",104490,*****,95746,475,5734,985,629,546,243,222,46,77,759,499,1333,853,0,204,1333,853
"Davidson County, Tennessee",684410,*****,442201,3305,187329,2628,1398,752,25891,908,605,204,10795,3237,16191,3144,1099,808,15092,3040
"Greene County, Tennessee",68615,*****,64883,485,1404,840,168,170,208,179,0,204,349,314,1603,852,300,466,1303,901
"Hamilton County, Tennessee",357738,*****,271063,2680,70591,3106,499,334,6865,857,0,204,924,566,7796,1923,1073,865,6723,1930
"Knox County, Tennessee",456132,*****,390124,2142,40267,1455,1780,788,10650,682,261,310,4973,2154,8077,1772,359,360,7718,1734
"Madison County, Tennessee",97663,*****,58095,317,37031,683,53,91,1017,253,0,204,381,469,1086,524,115,169,971,504
"Maury County, Tennessee",89981,*****,75419,1081,10898,1143,122,202,70,127,0,204,1046,783,2426,1208,305,338,2121,1128
"Montgomery County, Tennessee",195734,*****,140854,1290,37819,2300,1383,427,5439,711,1446,1851,2057,1392,6736,1537,648,531,6088,1457
"Putnam County, Tennessee",75931,*****,71824,196,661,505,0,204,1664,1111,0,204,14,15,1768,1018,0,204,1768,1018
"Robertson County, Tennessee",69165,*****,62171,410,4986,737,125,104,429,428,0,204,200,263,1254,623,0,204,1254,623
"Rutherford County, Tennessee",308251,*****,239190,2389,43917,1476,755,613,10482,1122,0,204,3974,1937,9933,2159,793,815,9140,2021
"Sevier County, Tennessee",96673,*****,91955,687,561,433,374,346,500,658,0,204,614,536,2669,820,59,79,2610,818
"Shelby County, Tennessee",934603,*****,360410,4333,499045,3905,2855,1548,22771,1104,165,114,31109,4269,18248,3972,1624,689,16624,3860
"Sullivan County, Tennessee",156667,*****,147950,831,2912,785,184,216,664,342,418,502,1169,890,3370,954,229,236,3141,956
"Sumner County, Tennessee",180063,*****,160406,754,13146,876,336,256,2300,611,60,99,412,589,3403,1365,359,429,3044,1212
"Washington County, Tennessee",127440,*****,116552,745,5480,938,813,711,2028,348,64,117,292,302,2211,1038,0,204,2211,1038
"Williamson County, Tennessee",219107,*****,194634,1391,9008,1242,251,305,9027,573,515,745,1127,938,4545,1408,907,828,3638,1057
"Wilson County, Tennessee",132781,*****,117941,735,9745,580,507,361,2438,177,0,204,671,585,1479,771,28,45,1451,769
"Angelina County, Texas",87791,*****,67968,2438,13621,564,1342,1626,1007,220,47,93,3217,1511,589,537,70,117,519,513
"Bastrop County, Texas",82733,*****,58948,4129,5621,1621,431,691,1293,1358,0,220,14508,4146,1932,1390,935,852,997,1116
"Bell County, Texas",340411,*****,217524,4802,82612,4037,1945,1225,9696,1262,2515,293,6984,2138,19135,2838,1038,522,18097,2907
"Bexar County, Texas",1928680,*****,1520769,13616,151997,4568,14260,5086,56054,1778,1282,601,129637,12641,54681,4931,13391,2523,41290,4075
"Bowie County, Texas",93860,*****,65905,772,22872,1071,298,369,1265,165,314,458,680,337,2526,1143,195,156,2331,1136
"Brazoria County, Texas",354195,*****,264794,3611,45897,2150,3592,2770,23012,924,13,22,9487,2503,7400,2243,606,455,6794,2232
"Brazos County, Texas",220417,*****,167258,3770,22640,1447,1067,1272,14050,445,107,163,7067,2614,8228,3241,402,287,7826,3270
"Cameron County, Texas",422135,*****,401139,3168,2142,419,341,375,3497,836,120,155,12137,3110,2759,1105,1599,879,1160,727
"Collin County, Texas",939585,*****,661559,5280,87766,2215,3583,939,132486,2859,822,85,23075,5145,30294,4275,4394,2054,25900,4207
"Comal County, Texas",134788,*****,120507,2708,3101,242,119,142,1532,293,89,134,7470,2624,1970,601,318,394,1652,442
"Coryell County, Texas",74686,*****,53879,1166,7911,1416,960,764,1656,586,558,233,788,438,8934,1915,231,243,8703,1876
"Dallas County, Texas",2574984,*****,1591187,15440,582365,4751,6506,1662,157592,2632,1393,469,159620,13528,76321,7298,20262,3848,56059,6057
"Denton County, Texas",806180,*****,599270,5987,74199,3167,3992,953,63864,2609,602,236,32029,6229,32224,4448,5108,2562,27116,3692
"Ector County, Texas",157462,*****,134245,3370,7643,1162,1069,1011,1809,220,0,220,8735,3466,3961,1361,545,368,3416,1452
"Ellis County, Texas",168499,*****,141134,1972,16525,1239,1104,770,1390,236,83,146,2379,1014,5884,1711,740,521,5144,1715
"El Paso County, Texas",837918,*****,674348,10651,30034,2357,5360,1452,11107,1119,299,316,95668,9462,21102,5236,6144,2322,14958,4742
"Fort Bend County, Texas",741237,*****,388931,7227,152115,3095,3077,1494,146796,3211,93,131,34405,6482,15820,4863,4015,3409,11805,3378
"Galveston County, Texas",329431,*****,258194,3423,43453,1946,2556,1127,11418,740,87,141,7317,2514,6406,2260,244,221,6162,2226
"Grayson County, Texas",128235,*****,111018,2382,5527,1109,1352,464,1826,375,16,30,3119,2395,5377,1299,128,164,5249,1297
"Gregg County, Texas",123745,*****,92247,1359,25793,1208,534,297,1883,207,0,220,1037,749,2251,1076,183,229,2068,1030
"Guadalupe County, Texas",155265,*****,106494,4381,11011,1388,187,173,3061,575,1657,1436,28146,4746,4709,1158,819,504,3890,1087
"Harris County, Texas",4589928,*****,2880994,23599,874306,8261,15178,3030,317740,4730,3839,1074,392701,22542,105170,10536,23519,4102,81651,8741
"Hays County, Texas",204470,*****,184248,2137,8627,838,315,202,3314,583,0,220,3753,1709,4213,1420,560,481,3653,1288
"Henderson County, Texas",79901,*****,71904,609,4775,736,928,618,53,104,223,360,402,353,1616,841,9,16,1607,842
"Hidalgo County, Texas",849843,*****,717201,14786,2922,1854,1953,1274,9403,1857,93,118,105943,13629,12328,3690,9556,3574,2772,1403
"Hunt County, Texas",92073,*****,71701,1597,7680,332,1185,142,1488,217,0,220,9273,1614,746,412,49,62,697,402
"Jefferson County, Texas",254679,*****,150261,1442,86060,794,816,427,10050,231,198,212,4262,1328,3032,1075,888,491,2144,900
"Johnson County, Texas",163274,*****,149251,1881,5440,814,1179,1014,1305,244,751,220,1997,1590,3351,1243,701,760,2650,932
"Kaufman County, Texas",118350,*****,98799,1629,12733,611,324,264,1429,209,0,220,2852,1529,2213,622,428,345,1785,484
"Liberty County, Texas",81704,*****,69437,1827,8414,775,403,241,476,694,0,220,2508,1865,466,341,57,113,409,329
"Lubbock County, Texas",303137,*****,248032,3755,21502,1511,3901,1962,5857,929,1000,1067,15506,3488,7339,1843,2176,643,5163,1555
"McLennan County, Texas",247934,*****,191192,2521,36482,772,1100,532,3858,673,149,256,9396,2141,5757,1522,1377,679,4380,1142
"Midland County, Texas",162565,*****,139118,2524,11490,1801,341,544,3386,443,88,132,4628,1858,3514,1533,1406,991,2108,1165
"Montgomery County, Texas",556203,*****,480382,5025,30394,3729,3642,2748,15327,1425,358,430,12616,3249,13484,4233,1354,930,12130,4138
"Nueces County, Texas",361350,*****,326313,2058,14774,1112,1487,1140,6628,796,211,250,5624,1646,6313,1780,2697,1016,3616,1243
"Orange County, Texas",84964,*****,75017,303,7525,259,406,364,1198,339,0,220,0,220,818,438,41,75,777,442
"Parker County, Texas",129441,*****,121518,1122,1965,514,984,386,731,293,72,139,2346,999,1825,981,389,438,1436,787
"Potter County, Texas",120832,*****,94819,1507,12161,1328,302,216,5672,1149,202,248,2918,1113,4758,1859,670,480,4088,1824
"Randall County, Texas",132501,*****,118130,1934,3530,817,998,463,2313,228,188,204,4183,1708,3159,1234,580,426,2579,1193
"Rockwall County, Texas",93978,*****,80801,1785,5936,523,54,82,2560,278,0,220,1569,980,3058,1441,97,160,2961,1439
"San Patricio County, Texas",67655,*****,63487,922,1049,241,257,226,598,213,27,49,845,570,1392,628,190,221,1202,584
"Smith County, Texas",225290,*****,170784,2599,39062,1120,1092,347,3832,314,159,242,6557,2415,3804,1413,715,614,3089,1265
"Tarrant County, Texas",2016872,*****,1367728,13789,320375,5137,9482,2044,109096,2407,2648,913,141326,14334,66217,6193,9397,2418,56820,5903
"Taylor County, Texas",136535,*****,105853,2416,10686,1066,1134,288,3333,595,8,15,11670,2489,3851,1472,1036,821,2815,1310
"Tom Green County, Texas",118386,*****,105757,1725,5937,766,506,333,1289,343,0,220,2978,1410,1919,432,277,216,1642,408
"Travis County, Texas",1199323,*****,892987,9767,99449,2843,5241,2143,76749,3081,1443,986,81863,9152,41591,5783,6673,1855,34918,5523
"Victoria County, Texas",92467,*****,80797,1750,6235,848,347,443,1396,220,164,275,2674,1466,854,513,355,347,499,388
"Webb County, Texas",271193,*****,258612,3594,1181,298,358,340,832,769,0,220,8188,3362,2022,1417,394,258,1628,1402
"Wichita County, Texas",131838,*****,104044,1943,12709,1212,1428,884,3735,546,151,188,3835,1712,5936,1956,1605,1332,4331,1414
"Williamson County, Texas",528718,*****,421797,4574,31597,2127,1678,830,35179,1421,143,233,15041,3731,23283,4275,3781,1630,19502,3798
"Cache County, Utah",122753,*****,110095,1665,968,137,373,317,3234,625,473,113,5253,1608,2357,982,174,212,2183,951
"Davis County, Utah",342281,*****,304284,3444,4795,699,1841,1105,6019,1025,2845,707,11341,3202,11156,2355,2826,1549,8330,1801
"Salt Lake County, Utah",1121354,*****,882231,8341,19235,1844,6570,1762,44706,1943,16997,1703,114439,7849,37176,4335,6520,1664,30656,3785
"Utah County, Utah",592299,*****,548560,3192,3287,730,4182,1943,8277,1354,5381,1028,5515,1793,17097,1974,1017,514,16080,1900
"Washington County, Utah",160245,*****,143282,2651,624,445,2161,730,1461,351,1646,156,7247,3020,3824,1820,1248,1259,2576,854
"Weber County, Utah",247560,*****,223579,3111,2438,961,1843,572,2914,934,281,299,9278,3134,7227,1651,836,674,6391,1655
"Chittenden County, Vermont",161531,*****,145945,591,4444,795,481,410,5969,799,44,76,1023,520,3625,1304,383,290,3242,1232
"Albemarle County, Virginia",106878,*****,86536,1204,10426,803,255,170,5383,429,70,114,1618,1153,2590,932,126,138,2464,895
"Arlington County, Virginia",230050,*****,162749,3924,19802,1221,962,316,23558,1515,411,390,13518,4075,9050,1835,755,454,8295,1827
"Bedford County, Virginia",77960,*****,69040,708,5655,549,28,52,917,286,85,142,966,409,1269,854,352,584,917,556
"Chesterfield County, Virginia",339009,*****,229400,2603,76274,2405,672,571,13052,775,254,219,8584,2811,10773,2338,656,428,10117,2289
"Fairfax County, Virginia",1138652,*****,705214,7029,110990,2336,2448,919,217179,3518,979,551,53939,6924,47903,4403,4637,1802,43266,4106
"Fauquier County, Virginia",69069,*****,59717,1016,4975,543,323,175,1296,140,0,201,313,366,2445,1208,837,908,1608,631
"Frederick County, Virginia",84421,*****,76577,860,2682,966,453,513,1173,262,0,201,854,816,2682,1019,126,146,2556,1016
"Hanover County, Virginia",104392,*****,90528,505,8977,729,281,309,1023,377,156,145,235,250,3192,786,247,279,2945,722
"Henrico County, Virginia",326501,*****,188411,1604,95882,1801,591,481,27058,1074,283,273,3972,1877,10304,2215,640,606,9664,2245
"James City County, Virginia",74404,*****,58683,1214,9516,956,36,62,1654,768,0,201,779,880,3736,1516,579,704,3157,1351
"Loudoun County, Virginia",385945,*****,258094,3380,27802,1885,1213,319,67889,2582,769,680,11962,3073,18216,3387,1996,963,16220,3251
"Montgomery County, Virginia",98602,*****,84345,660,4420,399,419,459,5442,1247,30,65,974,606,2972,1317,636,559,2336,1195
"Prince William County, Virginia",455210,*****,254644,7205,93401,2919,1594,1081,40673,1549,356,275,41139,6682,23403,3448,3472,1617,19931,2991
"Roanoke County, Virginia",94031,*****,82416,836,5908,359,232,183,2895,662,0,201,1166,863,1414,836,50,83,1364,836
"Rockingham County, Virginia",79744,*****,73927,1599,2701,1682,0,201,552,369,217,314,1130,1457,1217,560,0,201,1217,560
"Spotsylvania County, Virginia",132010,*****,94731,1276,21641,962,164,211,3101,863,49,88,7674,1376,4650,1223,612,333,4038,1099
"Stafford County, Virginia",144361,*****,96123,1681,25628,1934,666,296,5862,802,90,124,8659,1832,7333,2045,1589,915,5744,1878
"York County, Virginia",67976,*****,50925,1019,8714,1059,241,261,4245,780,612,901,566,447,2673,1029,569,485,2104,934
"Alexandria city, Virginia",155810,*****,92717,2256,34500,2083,99,159,9726,802,146,192,11250,2606,7372,2578,2103,1535,5269,2155
"Chesapeake city, Virginia",237940,*****,147623,1647,71159,1502,68,90,7197,1159,0,201,2808,1174,9085,2173,179,226,8906,2165
"Hampton city, Virginia",135410,*****,56219,1375,68730,2014,75,125,3506,678,476,422,1902,985,4502,1749,322,315,4180,1765
"Lynchburg city, Virginia",80212,*****,53004,417,23624,1486,312,391,795,418,0,201,235,214,2242,1280,57,75,2185,1280
"Newport News city, Virginia",181825,*****,86739,1439,73750,2428,430,357,4472,852,202,259,3401,1068,12831,2323,1817,1035,11014,2387
"Norfolk city, Virginia",245115,*****,115675,1776,100685,2264,832,483,9313,626,496,473,8111,2412,10003,2285,1270,765,8733,2083
"Portsmouth city, Virginia",95252,*****,38231,570,49467,1974,265,249,1626,256,1001,1558,1566,890,3096,1035,0,201,3096,1035
"Richmond city, Virginia",223170,*****,101987,985,105155,2458,650,266,4903,612,115,158,1948,750,8412,2516,451,444,7961,2517
"Roanoke city, Virginia",99660,*****,63615,1480,30307,966,68,103,3200,139,123,225,640,974,1707,860,240,338,1467,728
"Suffolk city, Virginia",89273,*****,45912,546,37324,1433,191,194,1688,285,89,118,583,352,3486,1296,287,358,3199,1323
"Virginia Beach city, Virginia",452602,*****,303452,3140,82660,3299,901,444,30196,2030,175,131,9160,2661,26058,3848,2689,1123,23369,3907
"Benton County, Washington",193686,*****,161191,3525,3631,552,1070,503,4742,851,81,117,16728,4014,6243,1840,1306,983,4937,1628
"Chelan County, Washington",76338,*****,68936,2675,1393,1108,95,105,1004,623,0,198,2161,1863,2749,1918,0,198,2749,1918
"Clallam County, Washington",74570,*****,65652,630,883,315,3385,684,774,393,48,66,728,606,3100,749,0,198,3100,749
"Clark County, Washington",467018,*****,394477,3339,8011,1271,2095,739,22913,1266,3821,591,14914,3224,20787,2227,1828,891,18959,2017
"Cowlitz County, Washington",105160,*****,95117,1380,403,431,1316,873,926,391,69,117,1800,1137,5529,944,306,258,5223,977
"Franklin County, Washington",90160,*****,54718,3481,1733,745,726,471,1777,583,759,654,26894,3677,3553,1611,845,900,2708,1329
"Grant County, Washington",93546,*****,59251,2747,558,652,843,643,773,348,0,198,26679,3407,5442,1989,2477,1554,2965,1184
"Grays Harbor County, Washington",71628,*****,62373,1000,1187,425,2996,1183,1304,274,132,220,514,574,3122,1014,301,380,2821,894
"Island County, Washington",82636,*****,70785,982,1993,666,898,393,3901,601,318,114,914,816,3827,1012,132,222,3695,967
"King County, Washington",2149970,*****,1393480,7098,130762,5248,11288,1961,361162,6598,17123,1501,97649,7692,138506,9573,9465,1932,129041,9252
"Kitsap County, Washington",264811,*****,213321,1654,6587,1225,3022,838,11318,1856,2204,539,6781,1787,21578,2989,1814,1239,19764,2578
"Lewis County, Washington",77066,*****,69504,1277,542,421,1279,651,932,341,26,46,1836,1122,2947,1005,569,587,2378,779
"Pierce County, Washington",861312,*****,629794,5497,55912,4015,10825,2513,52850,2966,12192,1522,28744,5716,70995,6557,2328,907,68667,6442
"Skagit County, Washington",123681,*****,102076,2965,736,168,2356,569,2563,460,354,62,11035,3087,4561,971,872,575,3689,700
"Snohomish County, Washington",787620,*****,598184,5306,24290,2058,7930,1853,80706,2612,4176,758,27135,5536,45199,4059,4944,1612,40255,3900
"Spokane County, Washington",499072,*****,437088,2159,9113,1714,8027,2324,11616,1668,2794,359,9051,2441,21383,3053,1850,1071,19533,2927
"Thurston County, Washington",275222,*****,226065,1574,8506,1508,3433,917,16030,1379,2555,486,2870,1198,15763,1976,1097,728,14666,1881
"Whatcom County, Washington",216800,*****,178402,1867,2619,469,6037,828,9298,1242,524,256,11147,2125,8773,1807,476,412,8297,1732
"Yakima County, Washington",249636,*****,194416,4876,3499,2488,10785,973,2502,726,35,69,30169,5097,8230,2109,1946,1218,6284,1880
"Berkeley County, West Virginia",113525,*****,98635,989,10472,757,271,341,902,484,0,193,1605,909,1640,732,199,316,1441,664
"Cabell County, West Virginia",95987,*****,87445,246,4977,1005,15,28,1307,201,0,193,149,179,2094,1013,159,168,1935,993
"Kanawha County, West Virginia",186241,*****,164796,462,13019,1526,439,365,2148,616,0,193,194,194,5645,1737,37,81,5608,1720
"Monongalia County, West Virginia",104622,*****,93692,588,4161,879,51,92,3845,382,0,193,630,534,2243,985,160,256,2083,962
"Raleigh County, West Virginia",76601,*****,66581,898,5681,1084,276,433,590,582,0,193,945,775,2528,854,65,105,2463,859
"Brown County, Wisconsin",260401,*****,221450,2585,5768,1026,7072,854,7972,818,22,42,8699,2404,9418,2782,3046,2106,6372,1681
"Dane County, Wisconsin",531273,*****,443862,3386,25227,2356,2137,1194,30922,1213,243,227,11260,3580,17622,2706,1777,960,15845,2708
"Dodge County, Wisconsin",88068,*****,85269,662,1584,492,105,89,107,97,0,147,149,141,854,424,0,147,854,424
"Eau Claire County, Wisconsin",102965,*****,95273,189,764,455,463,260,4619,235,28,57,173,192,1645,689,90,106,1555,684
"Fond du Lac County, Wisconsin",102144,*****,94027,1221,762,508,528,145,1494,364,25,53,3086,1274,2222,673,143,175,2079,733
"Jefferson County, Wisconsin",84625,*****,79619,790,757,317,135,168,270,278,140,184,1411,542,2293,671,427,340,1866,626
"Kenosha County, Wisconsin",168183,*****,143113,2055,12119,1053,827,289,2482,563,175,301,3251,1468,6216,2059,1988,1380,4228,1362
"La Crosse County, Wisconsin",118122,*****,107056,396,1327,497,217,261,5207,1096,9,18,1091,606,3215,1156,252,305,2963,1106
"Manitowoc County, Wisconsin",79536,*****,74773,375,485,206,365,227,2022,488,0,147,217,175,1674,671,224,229,1450,652
"Marathon County, Wisconsin",135603,*****,123417,670,483,271,456,220,7976,482,0,147,760,537,2511,560,62,90,2449,562
"Milwaukee County, Wisconsin",951448,*****,562559,4863,249436,2877,4836,996,40031,1189,168,153,57968,5329,36450,3942,4441,1371,32009,3810
"Outagamie County, Wisconsin",184526,*****,165748,1320,2474,630,2854,430,6610,630,65,107,3225,1173,3550,1109,409,400,3141,1057
"Ozaukee County, Wisconsin",88314,*****,82993,541,1353,233,230,264,1709,806,0,147,493,536,1536,837,395,458,1141,727
"Portage County, Wisconsin",70447,*****,66177,366,485,245,162,164,1476,766,0,147,508,366,1639,821,391,509,1248,611
"Racine County, Wisconsin",195140,*****,156136,2446,21484,1657,1268,641,2903,248,0,147,7096,2197,6253,2394,1138,773,5115,2296
"Rock County, Wisconsin",161620,*****,140747,1708,7575,758,563,286,1734,518,0,147,6456,1782,4545,1258,381,375,4164,1223
"St. Croix County, Wisconsin",88029,*****,84757,199,746,315,297,210,769,287,6,16,143,186,1311,466,7,18,1304,462
"Sheboygan County, Wisconsin",115427,*****,104025,620,2495,469,291,177,6384,511,0,147,251,267,1981,704,32,54,1949,693
"Walworth County, Wisconsin",102959,*****,96375,1364,1042,336,90,83,1026,233,0,147,2260,1210,2166,606,607,409,1559,473
"Washington County, Wisconsin",134296,*****,127485,891,1381,577,305,367,2081,564,126,150,1397,911,1521,746,187,212,1334,717
"Waukesha County, Wisconsin",398424,*****,367790,1933,6221,1229,1459,747,13818,863,156,185,3701,1850,5279,1766,452,477,4827,1666
"Winnebago County, Wisconsin",169886,*****,156755,812,3786,409,1004,417,4567,476,0,147,1112,663,2662,783,78,95,2584,796
"Wood County, Wisconsin",73107,*****,69526,299,853,71,347,157,1435,230,0,147,24,35,922,413,0,147,922,413
"Laramie County, Wyoming",98136,*****,88958,835,2690,939,443,610,1200,434,362,508,1209,527,3274,1107,276,278,2998,1106
"Natrona County, Wyoming",81039,*****,76905,270,1391,673,303,316,435,351,0,197,176,171,1829,596,0,197,1829,596